,Nombre cancion,Id factura
0,For Those About To Rock (We Salute You),108.0
1,Balls to the Wall,1.0
2,Balls to the Wall,214.0
3,Fast As a Shark,319.0
4,Restless and Wild,1.0
5,Princess of the Dawn,108.0
6,Put The Finger On You,2.0
7,Let's Get It Up,
8,Inject The Venom,2.0
9,Inject The Venom,214.0
10,Snowballed,108.0
11,Snowballed,319.0
12,Evil Walks,2.0
13,C.O.D.,
14,Breaking The Rules,2.0
15,Night Of The Long Knives,108.0
16,Spellbound,214.0
17,Go Down,319.0
18,Dog Eat Dog,3.0
19,Let There Be Rock,
20,Bad Boy Boogie,
21,Problem Child,109.0
22,Overdose,3.0
23,Overdose,214.0
24,Hell Ain't A Bad Place To Be,319.0
25,Whole Lotta Rosie,
26,Walk On Water,
27,Love In An Elevator,3.0
28,Rag Doll,109.0
29,What It Takes,214.0
30,Dude (Looks Like A Lady),
31,Janie's Got A Gun,3.0
32,Cryin',
33,Amazing,320.0
34,Blind Man,109.0
35,Deuces Are Wild,3.0
36,Deuces Are Wild,214.0
37,The Other Side,
38,Crazy,
39,Eat The Rich,
40,Angel,3.0
41,Livin' On The Edge,109.0
42,All I Really Want,214.0
43,You Oughta Know,320.0
44,Perfect,
45,Hand In My Pocket,
46,Right Through You,4.0
47,Forgiven,109.0
48,You Learn,214.0
49,Head Over Feet,
50,Mary Jane,
51,Ironic,
52,Not The Doctor,4.0
53,Not The Doctor,320.0
54,Wake Up,109.0
55,You Oughta Know (Alternate),
56,We Die Young,
57,Man In The Box,
58,Sea Of Sorrow,215.0
59,Bleed The Freak,4.0
60,I Can't Remember,109.0
61,"Love, Hate, Love",
62,It Ain't Like That,320.0
63,Sunshine,
64,Put You Down,
65,Confusion,4.0
66,I Know Somethin (Bout You),109.0
67,Real Thing,215.0
68,Desafinado,
69,Garota De Ipanema,
70,Samba De Uma Nota Só (One Note Samba),
71,Por Causa De Você,4.0
72,Por Causa De Você,320.0
73,Ligia,109.0
74,Fotografia,
75,Dindi (Dindi),
76,Se Todos Fossem Iguais A Você (Instrumental),
77,Falando De Amor,215.0
78,Angela,4.0
79,Corcovado (Quiet Nights Of Quiet Stars),
80,Outra Vez,
81,O Boto (Bôto),320.0
82,"Canta, Canta Mais",110.0
83,Enter Sandman,
84,Master Of Puppets,4.0
85,Harvester Of Sorrow,
86,The Unforgiven,215.0
87,Sad But True,
88,Creeping Death,
89,Wherever I May Roam,
90,Welcome Home (Sanitarium),4.0
91,Welcome Home (Sanitarium),320.0
92,Cochise,110.0
93,Show Me How to Live,
94,Gasoline,
95,What You Are,
96,Like a Stone,215.0
97,Set It Off,4.0
98,Shadow on the Sun,
99,I am the Highway,
100,Exploder,320.0
101,Hypnotize,110.0
102,Bring'em Back Alive,
103,Light My Way,
104,Getaway Car,
105,The Last Remaining Light,215.0
106,Your Time Has Come,5.0
107,Out Of Exile,
108,Be Yourself,
109,Doesn't Remind Me,320.0
110,Drown Me Slowly,110.0
111,Heaven's Dead,
112,The Worm,
113,Man Or Animal,
114,Yesterday To Tomorrow,215.0
115,Dandelion,5.0
116,#1 Zero,
117,The Curse,
118,Money,320.0
119,Long Tall Sally,110.0
120,Bad Boy,
121,Twist And Shout,
122,Please Mr. Postman,
123,C'Mon Everybody,215.0
124,Rock 'N' Roll Music,5.0
125,Slow Down,
126,Roadrunner,
127,Carol,320.0
128,Good Golly Miss Molly,110.0
129,20 Flight Rock,
130,Quadrant,
131,Snoopy's search-Red baron,
132,"Spanish moss-""A sound portrait""-Spanish moss",215.0
133,Moon germs,5.0
134,Stratus,
135,The pleasant pheasant,
136,Solo-Panhandler,320.0
137,Do what cha wanna,110.0
138,Intro/ Low Down,
139,13 Years Of Grief,
140,Stronger Than Death,
141,All For You,215.0
142,Super Terrorizer,5.0
143,Phoney Smile Fake Hellos,
144,Lost My Better Half,
145,Bored To Tears,320.0
146,A.N.D.R.O.T.A.Z.,110.0
147,Born To Booze,
148,World Of Trouble,
149,No More Tears,
150,The Begining... At Last,215.0
151,Heart Of Gold,5.0
152,Snowblind,
153,Like A Bird,
154,Blood In The Wall,320.0
155,The Beginning...At Last,110.0
156,Black Sabbath,
157,The Wizard,
158,Behind The Wall Of Sleep,
159,N.I.B.,215.0
160,Evil Woman,5.0
161,Sleeping Village,
162,Warning,
163,Wheels Of Confusion / The Straightener,
164,Tomorrow's Dream,110.0
165,Changes,
166,FX,
167,Supernaut,
168,Snowblind,215.0
169,Snowblind,321.0
170,Cornucopia,5.0
171,Cornucopia,322.0
172,Laguna Sunrise,322.0
173,St. Vitus Dance,
174,Under The Sun/Every Day Comes and Goes,323.0
175,Smoked Pork,110.0
176,Body Count's In The House,323.0
177,Now Sports,
178,Body Count,324.0
179,A Statistic,215.0
180,Bowels Of The Devil,5.0
181,Bowels Of The Devil,324.0
182,The Real Problem,
183,KKK Bitch,324.0
184,D Note,
185,Voodoo,110.0
186,Voodoo,324.0
187,The Winner Loses,
188,There Goes The Neighborhood,
189,Oprah,
190,Evil Dick,325.0
191,Body Count Anthem,5.0
192,Momma's Gotta Die Tonight,
193,Freedom Of Speech,
194,King In Crimson,325.0
195,Chemical Wedding,110.0
196,Chemical Wedding,216.0
197,The Tower,217.0
198,Killing Floor,217.0
199,Book Of Thel,325.0
200,Gates Of Urizen,218.0
201,Jerusalem,5.0
202,Trupets Of Jericho,218.0
203,Machine Men,325.0
204,The Alchemist,219.0
205,Realword,110.0
206,First Time I Met The Blues,219.0
207,Let Me Love You Baby,325.0
208,Stone Crazy,219.0
209,Pretty Baby,
210,When My Left Eye Jumps,5.0
211,When My Left Eye Jumps,219.0
212,Leave My Girl Alone,325.0
213,She Suits Me To A Tee,
214,Keep It To Myself (Aka Keep It To Yourself),
215,My Time After Awhile,220.0
216,Too Many Ways (Alternate),
217,Talkin' 'Bout Women Obviously,
218,Jorge Da Capadócia,326.0
219,Prenda Minha,220.0
220,Meditação,5.0
221,Meditação,111.0
222,Terra,112.0
223,Eclipse Oculto,112.0
224,"Texto ""Verdade Tropical""",220.0
225,Bem Devagar,113.0
226,Bem Devagar,326.0
227,Drão,
228,Saudosismo,113.0
229,Carolina,220.0
230,Sozinho,114.0
231,Esse Cara,5.0
232,Mel,114.0
233,Mel,326.0
234,Linha Do Equador,220.0
235,Odara,114.0
236,A Luz De Tieta,
237,Atrás Da Verd-E-Rosa Só Não Vai Quem Já Morreu,114.0
238,Vida Boa,220.0
239,Sozinho (Hitmakers Classic Mix),326.0
240,Sozinho (Hitmakers Classic Radio Edit),
241,Sozinho (Caêdrum 'n' Bass),115.0
242,Carolina,
243,Essa Moça Ta Diferente,
244,Vai Passar,221.0
245,Samba De Orly,115.0
246,Samba De Orly,326.0
247,"Bye, Bye Brasil",6.0
248,Atras Da Porta,7.0
249,Tatuagem,7.0
250,O Que Será (À Flor Da Terra),115.0
251,Morena De Angola,8.0
252,Morena De Angola,221.0
253,Apesar De Você,326.0
254,A Banda,8.0
255,Minha Historia,115.0
256,Com Açúcar E Com Afeto,9.0
257,Brejo Da Cruz,
258,Meu Caro Amigo,9.0
259,Meu Caro Amigo,221.0
260,Geni E O Zepelim,115.0
261,Geni E O Zepelim,326.0
262,Trocando Em Miúdos,9.0
263,Vai Trabalhar Vagabundo,
264,Gota D'água,9.0
265,Construção / Deus Lhe Pague,115.0
266,Mateus Enter,221.0
267,O Cidadão Do Mundo,326.0
268,Etnia,10.0
269,Quilombo Groove [Instrumental],
270,Macô,
271,Um Passeio No Mundo Livre,116.0
272,Samba Do Lado,10.0
273,Samba Do Lado,221.0
274,Maracatu Atômico,326.0
275,O Encontro De Isaac Asimov Com Santos Dumont No Céu,
276,Corpo De Lama,
277,Sobremesa,10.0
278,Manguetown,116.0
279,Um Satélite Na Cabeça,221.0
280,Baião Ambiental [Instrumental],
281,Sangue De Bairro,10.0
282,Enquanto O Mundo Explode,
283,Interlude Zumbi,327.0
284,Criança De Domingo,116.0
285,Amor De Muito,10.0
286,Amor De Muito,221.0
287,Samidarish [Instrumental],
288,Maracatu Atômico [Atomic Version],
289,Maracatu Atômico [Ragga Mix],
290,Maracatu Atômico [Trip Hop],10.0
291,Banditismo Por Uma Questa,116.0
292,Banditismo Por Uma Questa,221.0
293,Rios Pontes & Overdrives,327.0
294,Cidade,
295,Praiera,
296,Samba Makossa,11.0
297,Da Lama Ao Caos,116.0
298,Maracatu De Tiro Certeiro,221.0
299,Salustiano Song,
300,Antene Se,
301,Risoflora,
302,Lixo Do Mangue,11.0
303,Lixo Do Mangue,327.0
304,Computadores Fazem Arte,116.0
305,Girassol,
306,A Sombra Da Maldade,
307,Johnny B. Goode,
308,Soldado Da Paz,222.0
309,Firmamento,11.0
310,Extra,116.0
311,O Erê,
312,Podes Crer,327.0
313,A Estrada,
314,Berlim,
315,Já Foi,11.0
316,Onde Você Mora?,116.0
317,Pensamento,222.0
318,Conciliação,
319,Realidade Virtual,
320,Mensagem,
321,A Cor Do Sol,11.0
322,A Cor Do Sol,327.0
323,Onde Você Mora?,116.0
324,O Erê,
325,A Sombra Da Maldade,
326,A Estrada,
327,Falar A Verdade,222.0
328,Firmamento,11.0
329,Pensamento,
330,Realidade Virtual,
331,Doutor,327.0
332,Na Frente Da TV,117.0
333,Downtown,
334,Sábado A Noite,11.0
335,A Cor Do Sol,
336,Eu Também Quero Beijar,222.0
337,Noite Do Prazer,
338,À Francesa,
339,Cada Um Cada Um (A Namoradeira),
340,Linha Do Equador,11.0
341,Linha Do Equador,327.0
342,Amor Demais,117.0
343,Férias,
344,Gostava Tanto De Você,
345,Flor Do Futuro,
346,Felicidade Urgente,222.0
347,Livre Pra Viver,11.0
348,"Dig-Dig, Lambe-Lambe (Ao Vivo)",
349,Pererê,
350,TriboTchan,327.0
351,"Tapa Aqui, Descobre Ali",117.0
352,Daniela,
353,Bate Lata,
354,Garotas do Brasil,
355,Levada do Amor (Ailoviu),222.0
356,Lavadeira,12.0
357,Reboladeira,
358,É que Nessa Encarnação Eu Nasci Manga,
359,Reggae Tchan,327.0
360,My Love,117.0
361,Latinha de Cerveja,
362,You Shook Me,
363,I Can't Quit You Baby,
364,Communication Breakdown,222.0
365,Dazed and Confused,12.0
366,The Girl I Love She Got Long Black Wavy Hair,
367,What is and Should Never Be,
368,Communication Breakdown(2),327.0
369,Travelling Riverside Blues,117.0
370,Whole Lotta Love,
371,Somethin' Else,
372,Communication Breakdown(3),
373,I Can't Quit You Baby(2),222.0
374,You Shook Me(2),12.0
375,How Many More Times,
376,Debra Kadabra,
377,Carolina Hard-Core Ecstasy,327.0
378,Sam With The Showing Scalp Flat Top,117.0
379,Poofter's Froth Wyoming Plans Ahead,
380,200 Years Old,
381,Cucamonga,
382,Advance Romance,222.0
383,Man With The Woman Head,12.0
384,Muffin Man,
385,Vai-Vai 2001,
386,X-9 2001,327.0
387,Gavioes 2001,117.0
388,Nene 2001,
389,Rosas De Ouro 2001,
390,Mocidade Alegre 2001,
391,Camisa Verde 2001,222.0
392,Leandro De Itaquera 2001,12.0
393,Tucuruvi 2001,
394,Aguia De Ouro 2001,
395,Ipiranga 2001,327.0
396,Morro Da Casa Verde 2001,117.0
397,Perola Negra 2001,
398,Sao Lucas 2001,
399,Guanabara,
400,Mas Que Nada,222.0
401,Vôo Sobre o Horizonte,12.0
402,A Paz,
403,Wave (Vou te Contar),
404,Água de Beber,327.0
405,Samba da Bençaco,117.0
406,Pode Parar,
407,Menino do Rio,
408,Ando Meio Desligado,
409,Mistério da Raça,222.0
410,All Star,12.0
411,Menina Bonita,
412,Pescador de Ilusões,
413,À Vontade (Live Mix),
414,Maria Fumaça,117.0
415,Sambassim (dj patife remix),
416,Garota De Ipanema,
417,Tim Tim Por Tim Tim,
418,Tarde Em Itapoã,222.0
419,Tarde Em Itapoã,328.0
420,Tanto Tempo,12.0
421,Tanto Tempo,329.0
422,Eu Vim Da Bahia - Live,329.0
423,Alô Alô Marciano,
424,Linha Do Horizonte,330.0
425,Only A Dream In Rio,117.0
426,Abrir A Porta,330.0
427,Alice,
428,Momentos Que Marcam,331.0
429,Um Jantar Pra Dois,222.0
430,Bumbo Da Mangueira,12.0
431,Bumbo Da Mangueira,331.0
432,Mr Funk Samba,
433,Santo Antonio,331.0
434,Por Você,
435,Só Tinha De Ser Com Você,117.0
436,Só Tinha De Ser Com Você,331.0
437,Free Speech For The Dumb,
438,It's Electric,
439,Sabbra Cadabra,
440,Turn The Page,332.0
441,Die Die My Darling,12.0
442,Loverman,
443,Mercyful Fate,
444,Astronomy,332.0
445,Whiskey In The Jar,117.0
446,Whiskey In The Jar,223.0
447,Tuesday's Gone,224.0
448,The More I See,224.0
449,A Kind Of Magic,332.0
450,Under Pressure,225.0
451,Radio GA GA,12.0
452,I Want It All,225.0
453,I Want To Break Free,332.0
454,Innuendo,226.0
455,It's A Hard Life,117.0
456,Breakthru,226.0
457,Who Wants To Live Forever,332.0
458,Headlong,226.0
459,The Miracle,
460,I'm Going Slightly Mad,12.0
461,I'm Going Slightly Mad,226.0
462,The Invisible Man,332.0
463,Hammer To Fall,
464,Friends Will Be Friends,
465,The Show Must Go On,227.0
466,One Vision,
467,Detroit Rock City,
468,Black Diamond,333.0
469,Hard Luck Woman,227.0
470,Sure Know Something,12.0
471,Sure Know Something,118.0
472,Love Gun,119.0
473,Deuce,119.0
474,Goin' Blind,227.0
475,Shock Me,120.0
476,Shock Me,333.0
477,Do You Love Me,
478,She,120.0
479,I Was Made For Loving You,227.0
480,Shout It Out Loud,121.0
481,God Of Thunder,12.0
482,Calling Dr. Love,121.0
483,Calling Dr. Love,333.0
484,Beth,227.0
485,Strutter,121.0
486,Rock And Roll All Nite,
487,Cold Gin,121.0
488,Plaster Caster,227.0
489,God Gave Rock 'n' Roll To You,333.0
490,Heart of the Night,
491,De La Luz,122.0
492,Westwood Moon,
493,Midnight,
494,Playtime,228.0
495,Surrender,122.0
496,Surrender,333.0
497,Valentino's,13.0
498,Believe,14.0
499,As We Sleep,14.0
500,When Evening Falls,122.0
501,J Squared,15.0
502,J Squared,228.0
503,Best Thing,333.0
504,Maria,15.0
505,Poprocks And Coke,122.0
506,Longview,16.0
507,Welcome To Paradise,
508,Basket Case,16.0
509,Basket Case,228.0
510,When I Come Around,122.0
511,When I Come Around,333.0
512,She,16.0
513,J.A.R. (Jason Andrew Relva),
514,Geek Stink Breath,16.0
515,Brain Stew,122.0
516,Jaded,228.0
517,Walking Contradiction,333.0
518,Stuck With Me,17.0
519,Hitchin' A Ride,
520,Good Riddance (Time Of Your Life),
521,Redundant,123.0
522,Nice Guys Finish Last,17.0
523,Nice Guys Finish Last,228.0
524,Minority,333.0
525,Warning,
526,Waiting,
527,Macy's Day Parade,17.0
528,Into The Light,123.0
529,River Song,228.0
530,She Give Me ...,
531,Don't You Cry,17.0
532,Love Is Blind,
533,Slave,334.0
534,Cry For Love,123.0
535,Living On Love,17.0
536,Living On Love,228.0
537,Midnight Blue,
538,Too Many Tears,
539,Don't Lie To Me,
540,Wherever You May Go,17.0
541,Grito De Alerta,123.0
542,Não Dá Mais Pra Segurar (Explode Coração),228.0
543,Começaria Tudo Outra Vez,334.0
544,O Que É O Que É ?,
545,Sangrando,
546,"Diga Lá, Coração",18.0
547,Lindo Lago Do Amor,123.0
548,Eu Apenas Queria Que Voçê Soubesse,228.0
549,Com A Perna No Mundo,
550,E Vamos À Luta,
551,Um Homem Também Chora (Guerreiro Menino),
552,Comportamento Geral,18.0
553,Comportamento Geral,334.0
554,Ponto De Interrogação,123.0
555,"Espere Por Mim, Morena",
556,Meia-Lua Inteira,
557,Voce e Linda,
558,Um Indio,229.0
559,Podres Poderes,18.0
560,Voce Nao Entende Nada - Cotidiano,123.0
561,O Estrangeiro,
562,Menino Do Rio,334.0
563,Qualquer Coisa,
564,Sampa,
565,Queixa,18.0
566,O Leaozinho,123.0
567,Fora Da Ordem,229.0
568,Terra,
569,"Alegria, Alegria",
570,Balada Do Louco,
571,Ando Meio Desligado,18.0
572,Ando Meio Desligado,334.0
573,Top Top,123.0
574,Baby,
575,A E O Z,
576,Panis Et Circenses,
577,Chão De Estrelas,229.0
578,Vida De Cachorro,18.0
579,Bat Macumba,
580,Desculpe Babe,
581,Rita Lee,334.0
582,"Posso Perder Minha Mulher, Minha Mãe, Desde Que Eu Tenha O Rock And Roll",124.0
583,Banho De Lua,
584,Meu Refrigerador Não Funciona,18.0
585,Burn,
586,Stormbringer,229.0
587,Gypsy,
588,Lady Double Dealer,
589,Mistreated,
590,Smoke On The Water,18.0
591,Smoke On The Water,334.0
592,You Fool No One,124.0
593,Custard Pie,
594,The Rover,
595,In My Time Of Dying,
596,Houses Of The Holy,229.0
597,Trampled Under Foot,18.0
598,Kashmir,
599,Imperatriz,
600,Beija-Flor,334.0
601,Viradouro,124.0
602,Mocidade,
603,Unidos Da Tijuca,
604,Salgueiro,
605,Mangueira,229.0
606,União Da Ilha,19.0
607,Grande Rio,
608,Portela,
609,Caprichosos,334.0
610,Tradição,124.0
611,Império Serrano,
612,Tuiuti,
613,(Da Le) Yaleo,
614,Love Of My Life,229.0
615,Put Your Lights On,19.0
616,Africa Bamba,
617,Smooth,
618,Do You Like The Way,334.0
619,Maria Maria,124.0
620,Migra,
621,Corazon Espinado,
622,Wishing It Was,
623,El Farol,229.0
624,Primavera,19.0
625,The Calling,
626,Solução,
627,Manuel,334.0
628,Entre E Ouça,124.0
629,Um Contrato Com Deus,
630,Um Jantar Pra Dois,
631,Vamos Dançar,
632,Um Love,229.0
633,Seis Da Tarde,19.0
634,Baixo Rio,
635,Sombras Do Meu Destino,
636,Do You Have Other Loves?,334.0
637,Agora Que O Dia Acordou,124.0
638,Já!!!,
639,A Rua,
640,Now's The Time,
641,Jeru,229.0
642,Compulsion,19.0
643,Tempus Fugit,
644,Walkin',
645,'Round Midnight,334.0
646,Bye Bye Blackbird,124.0
647,New Rhumba,
648,Generique,
649,Summertime,
650,So What,229.0
651,The Pan Piper,19.0
652,Someday My Prince Will Come,
653,My Funny Valentine (Live),
654,E.S.P.,334.0
655,Nefertiti,124.0
656,Petits Machins (Little Stuff),
657,Miles Runs The Voodoo Down,
658,Little Church (Live),
659,Black Satin,229.0
660,Jean Pierre (Live),19.0
661,Time After Time,
662,Portia,
663,Space Truckin',
664,Going Down / Highway Star,124.0
665,Mistreated (Alternate Version),
666,You Fool No One (Alternate Version),
667,Jeepers Creepers,
668,Blue Rythm Fantasy,229.0
669,Blue Rythm Fantasy,335.0
670,Drum Boogie,19.0
671,Drum Boogie,336.0
672,Let Me Off Uptown,336.0
673,Leave Us Leap,
674,Opus No.1,337.0
675,Boogie Blues,124.0
676,How High The Moon,337.0
677,Disc Jockey Jump,
678,Up An' Atom,338.0
679,Bop Boogie,229.0
680,Lemon Drop,19.0
681,Lemon Drop,338.0
682,Coronation Drop,
683,Overtime,338.0
684,Imagination,
685,Don't Take Your Love From Me,124.0
686,Don't Take Your Love From Me,338.0
687,Midget,
688,I'm Coming Virginia,
689,Payin' Them Dues Blues,
690,Jungle Drums,339.0
691,Showcase,19.0
692,Swedish Schnapps,
693,Samba Da Bênção,
694,Pot-Pourri N.º 4,339.0
695,Onde Anda Você,124.0
696,Onde Anda Você,230.0
697,Samba Da Volta,231.0
698,Canto De Ossanha,231.0
699,Pot-Pourri N.º 5,339.0
700,Formosa,232.0
701,Como É Duro Trabalhar,19.0
702,Minha Namorada,232.0
703,Por Que Será,339.0
704,Berimbau,233.0
705,Deixa,124.0
706,Pot-Pourri N.º 2,233.0
707,Samba Em Prelúdio,339.0
708,Carta Ao Tom 74,233.0
709,Linha de Passe (João Bosco),
710,Pela Luz dos Olhos Teus (Miúcha e Tom Jobim),19.0
711,Pela Luz dos Olhos Teus (Miúcha e Tom Jobim),233.0
712,Chão de Giz (Elba Ramalho),339.0
713,Marina (Dorival Caymmi),
714,Aquarela (Toquinho),
715,Coração do Agreste (Fafá de Belém),234.0
716,Dona (Roupa Nova),
717,Começaria Tudo Outra Vez (Maria Creuza),
718,Caçador de Mim (Sá & Guarabyra),340.0
719,Romaria (Renato Teixeira),234.0
720,As Rosas Não Falam (Beth Carvalho),19.0
721,As Rosas Não Falam (Beth Carvalho),125.0
722,Wave (Os Cariocas),126.0
723,Garota de Ipanema (Dick Farney),126.0
724,Preciso Apender a Viver Só (Maysa),234.0
725,Susie Q,127.0
726,Susie Q,340.0
727,I Put A Spell On You,
728,Proud Mary,127.0
729,Bad Moon Rising,234.0
730,Lodi,128.0
731,Green River,19.0
732,Commotion,128.0
733,Commotion,340.0
734,Down On The Corner,234.0
735,Fortunate Son,128.0
736,Travelin' Band,
737,Who'll Stop The Rain,128.0
738,Up Around The Bend,234.0
739,Run Through The Jungle,340.0
740,Lookin' Out My Back Door,
741,Long As I Can See The Light,129.0
742,I Heard It Through The Grapevine,
743,Have You Ever Seen The Rain?,
744,Hey Tonight,235.0
745,Sweet Hitch-Hiker,129.0
746,Sweet Hitch-Hiker,340.0
747,Someday Never Comes,20.0
748,Walking On The Water,21.0
749,"Suzie-Q, Pt. 2",21.0
750,Born On The Bayou,129.0
751,Good Golly Miss Molly,22.0
752,Good Golly Miss Molly,235.0
753,Tombstone Shadow,340.0
754,Wrote A Song For Everyone,22.0
755,Night Time Is The Right Time,129.0
756,Cotton Fields,23.0
757,It Came Out Of The Sky,
758,Don't Look Now,23.0
759,Don't Look Now,235.0
760,The Midnight Special,129.0
761,The Midnight Special,340.0
762,Before You Accuse Me,23.0
763,My Baby Left Me,
764,Pagan Baby,23.0
765,(Wish I Could) Hideaway,129.0
766,It's Just A Thought,235.0
767,Molina,340.0
768,Born To Move,24.0
769,Lookin' For A Reason,
770,Hello Mary Lou,
771,Gatas Extraordinárias,130.0
772,Brasil,24.0
773,Brasil,235.0
774,Eu Sou Neguinha (Ao Vivo),340.0
775,Geração Coca-Cola (Ao Vivo),
776,Lanterna Dos Afogados,
777,Coroné Antonio Bento,24.0
778,"Você Passa, Eu Acho Graça (Ao Vivo)",130.0
779,Meu Mundo Fica Completo (Com Você),235.0
780,1° De Julho,
781,Música Urbana 2,24.0
782,Vida Bandida (Ao Vivo),
783,Palavras Ao Vento,341.0
784,Não Sei O Que Eu Quero Da Vida,130.0
785,Woman Is The Nigger Of The World (Ao Vivo),24.0
786,Woman Is The Nigger Of The World (Ao Vivo),235.0
787,Juventude Transviada (Ao Vivo),
788,Malandragem,
789,O Segundo Sol,
790,Smells Like Teen Spirit (Ao Vivo),24.0
791,E.C.T.,130.0
792,Todo Amor Que Houver Nesta Vida,235.0
793,Metrô. Linha 743,341.0
794,Nós (Ao Vivo),
795,Na Cadência Do Samba,
796,Admirável Gado Novo,25.0
797,Eleanor Rigby,130.0
798,Socorro,235.0
799,Blues Da Piedade,
800,Rubens,
801,Não Deixe O Samba Morrer - Cassia Eller e Alcione,
802,Mis Penas Lloraba Yo (Ao Vivo) Soy Gitano (Tangos),25.0
803,Mis Penas Lloraba Yo (Ao Vivo) Soy Gitano (Tangos),341.0
804,Comin' Home,130.0
805,Lady Luck,
806,Gettin' Tighter,
807,Dealer,
808,I Need Love,236.0
809,Drifter,25.0
810,Love Child,130.0
811,This Time Around / Owed to 'G' [Instrumental],
812,You Keep On Moving,341.0
813,Speed King,
814,Bloodsucker,
815,Child In Time,25.0
816,Flight Of The Rat,130.0
817,Into The Fire,236.0
818,Living Wreck,
819,Hard Lovin' Man,
820,Fireball,
821,No No No,25.0
822,No No No,341.0
823,Strange Kind Of Woman,130.0
824,Anyone's Daughter,
825,The Mule,
826,Fools,
827,No One Came,236.0
828,Knocking At Your Back Door,25.0
829,Bad Attitude,
830,Child In Time (Son Of Aleric - Instrumental),
831,Nobody's Home,341.0
832,Black Night,131.0
833,Perfect Strangers,
834,The Unwritten Law,25.0
835,Call Of The Wild,
836,Hush,236.0
837,Smoke On The Water,
838,Space Trucking,
839,Highway Star,
840,Maybe I'm A Leo,25.0
841,Maybe I'm A Leo,341.0
842,Pictures Of Home,131.0
843,Never Before,
844,Smoke On The Water,
845,Lazy,
846,Space Truckin',236.0
847,Vavoom : Ted The Mechanic,25.0
848,Loosen My Strings,
849,Soon Forgotten,
850,Sometimes I Feel Like Screaming,341.0
851,Cascades : I'm Not Your Lover,131.0
852,The Aviator,
853,Rosa's Cantina,
854,A Castle Full Of Rascals,
855,A Touch Away,236.0
856,Hey Cisco,26.0
857,Somebody Stole My Guitar,
858,The Purpendicular Waltz,
859,King Of Dreams,341.0
860,The Cut Runs Deep,131.0
861,Fire In The Basement,
862,Truth Hurts,
863,Breakfast In Bed,
864,Love Conquers All,236.0
865,Fortuneteller,26.0
866,Too Much Is Not Enough,
867,Wicked Ways,
868,Stormbringer,341.0
869,Love Don't Mean a Thing,131.0
870,Holy Man,
871,Hold On,
872,Lady Double Dealer,
873,You Can't Do it Right (With the One You Love),236.0
874,High Ball Shooter,26.0
875,The Gypsy,
876,Soldier Of Fortune,
877,The Battle Rages On,341.0
878,Lick It Up,131.0
879,Anya,
880,Talk About Love,
881,Time To Kill,
882,Ramshackle Man,236.0
883,A Twist In The Tail,26.0
884,Nasty Piece Of Work,
885,Solitaire,
886,One Man's Meat,341.0
887,Pour Some Sugar On Me,131.0
888,Photograph,
889,Love Bites,
890,Let's Get Rocked,
891,Two Steps Behind [Acoustic Version],236.0
892,Animal,26.0
893,Heaven Is,
894,Rocket,
895,When Love & Hate Collide,341.0
896,Action,131.0
897,Make Love Like A Man,
898,Armageddon It,
899,Have You Ever Needed Someone So Bad,
900,Rock Of Ages,236.0
901,Hysteria,26.0
902,Bringin' On The Heartbreak,
903,Roll Call,
904,Otay,341.0
905,Groovus Interruptus,131.0
906,Paris On Mine,
907,In Time,
908,Plan B,
909,Outbreak,236.0
910,"Baltimore, DC",26.0
911,Talkin Loud and Saying Nothin,
912,Pétala,
913,Meu Bem-Querer,
914,Cigano,131.0
915,Boa Noite,
916,Fato Consumado,
917,Faltando Um Pedaço,
918,Álibi,236.0
919,Álibi,342.0
920,Esquinas,26.0
921,Esquinas,343.0
922,Se...,343.0
923,Eu Te Devoro,
924,Lilás,344.0
925,Acelerou,131.0
926,Um Amor Puro,344.0
927,Samurai,
928,Nem Um Dia,345.0
929,Oceano,236.0
930,Açai,26.0
931,Açai,345.0
932,Serrado,
933,Flor De Lis,345.0
934,Amar É Tudo,
935,Azul,131.0
936,Azul,345.0
937,Seduzir,
938,A Carta,
939,Sina,
940,Acelerou,346.0
941,Um Amor Puro,26.0
942,O Bêbado e a Equilibrista,
943,O Mestre-Sala dos Mares,
944,Atrás da Porta,346.0
945,"Dois Pra Lá, Dois Pra Cá",131.0
946,"Dois Pra Lá, Dois Pra Cá",237.0
947,Casa no Campo,238.0
948,Romaria,238.0
949,"Alô, Alô, Marciano",346.0
950,Me Deixas Louca,239.0
951,Fascinação,26.0
952,Saudosa Maloca,239.0
953,As Aparências Enganam,346.0
954,Madalena,240.0
955,Maria Rosa,131.0
956,Aprendendo A Jogar,240.0
957,Layla,346.0
958,Badge,240.0
959,I Feel Free,
960,Sunshine Of Your Love,26.0
961,Sunshine Of Your Love,240.0
962,Crossroads,346.0
963,Strange Brew,
964,White Room,
965,Bell Bottom Blues,241.0
966,Cocaine,
967,I Shot The Sheriff,
968,After Midnight,347.0
969,Swing Low Sweet Chariot,241.0
970,Lay Down Sally,26.0
971,Lay Down Sally,132.0
972,Knockin On Heavens Door,133.0
973,Wonderful Tonight,133.0
974,Let It Grow,241.0
975,Promises,134.0
976,Promises,347.0
977,I Can't Stand It,
978,Signe,134.0
979,Before You Accuse Me,241.0
980,Hey Hey,135.0
981,Tears In Heaven,26.0
982,Lonely Stranger,135.0
983,Lonely Stranger,347.0
984,Nobody Knows You When You're Down & Out,241.0
985,Layla,135.0
986,Running On Faith,
987,Walkin' Blues,135.0
988,Alberta,241.0
989,San Francisco Bay Blues,347.0
990,Malted Milk,
991,Old Love,136.0
992,Rollin' And Tumblin',
993,Collision,
994,Stripsearch,242.0
995,Last Cup Of Sorrow,136.0
996,Last Cup Of Sorrow,347.0
997,Naked In Front Of The Computer,27.0
998,Helpless,28.0
999,Mouth To Mouth,28.0
1000,Ashes To Ashes,136.0
1001,She Loves Me Not,29.0
1002,She Loves Me Not,242.0
1003,Got That Feeling,347.0
1004,Paths Of Glory,29.0
1005,Home Sick Home,136.0
1006,Pristina,30.0
1007,Land Of Sunshine,
1008,Caffeine,30.0
1009,Caffeine,242.0
1010,Midlife Crisis,136.0
1011,Midlife Crisis,347.0
1012,RV,30.0
1013,Smaller And Smaller,
1014,Everything's Ruined,30.0
1015,Malpractice,136.0
1016,Kindergarten,242.0
1017,Be Aggressive,347.0
1018,A Small Victory,31.0
1019,Crack Hitler,
1020,Jizzlobber,
1021,Midnight Cowboy,137.0
1022,Easy,31.0
1023,Easy,242.0
1024,Get Out,347.0
1025,Ricochet,
1026,Evidence,
1027,The Gentle Art Of Making Enemies,31.0
1028,Star A.D.,137.0
1029,Cuckoo For Caca,242.0
1030,Caralho Voador,
1031,Ugly In The Morning,31.0
1032,Digging The Grave,
1033,Take This Bottle,348.0
1034,King For A Day,137.0
1035,What A Day,31.0
1036,What A Day,242.0
1037,The Last To Know,
1038,Just A Man,
1039,Absolute Zero,
1040,From Out Of Nowhere,31.0
1041,Epic,137.0
1042,Falling To Pieces,242.0
1043,Surprise! You're Dead!,348.0
1044,Zombie Eaters,
1045,The Real Thing,
1046,Underwater Love,32.0
1047,The Morning After,137.0
1048,Woodpecker From Mars,242.0
1049,War Pigs,
1050,Edge Of The World,
1051,Deixa Entrar,
1052,Falamansa Song,32.0
1053,Falamansa Song,348.0
1054,Xote Dos Milagres,137.0
1055,Rindo À Toa,
1056,Confidência,
1057,Forró De Tóquio,
1058,Zeca Violeiro,243.0
1059,Avisa,32.0
1060,Principiando/Decolagem,137.0
1061,Asas,
1062,Medo De Escuro,348.0
1063,Oração,
1064,Minha Gata,
1065,Desaforo,32.0
1066,In Your Honor,137.0
1067,No Way Back,243.0
1068,Best Of You,
1069,DOA,
1070,Hell,
1071,The Last Song,32.0
1072,The Last Song,348.0
1073,Free Me,137.0
1074,Resolve,
1075,The Deepest Blues Are Black,
1076,End Over End,
1077,Still,243.0
1078,What If I Do?,32.0
1079,Miracle,
1080,Another Round,
1081,Friend Of A Friend,348.0
1082,Over And Out,138.0
1083,On The Mend,
1084,Virginia Moon,32.0
1085,Cold Day In The Sun,
1086,Razor,243.0
1087,All My Life,
1088,Low,
1089,Have It All,
1090,Times Like These,32.0
1091,Times Like These,348.0
1092,Disenchanted Lullaby,138.0
1093,Tired Of You,
1094,Halo,
1095,Lonely As You,
1096,Overdrive,243.0
1097,Burn Away,32.0
1098,Come Back,
1099,Doll,
1100,Monkey Wrench,348.0
1101,"Hey, Johnny Park!",138.0
1102,My Poor Brain,
1103,Wind Up,
1104,Up In Arms,
1105,My Hero,243.0
1106,See You,33.0
1107,Enough Space,
1108,February Stars,
1109,Everlong,348.0
1110,Walking After You,138.0
1111,New Way Home,
1112,My Way,
1113,Strangers In The Night,
1114,"New York, New York",243.0
1115,I Get A Kick Out Of You,33.0
1116,Something Stupid,
1117,Moon River,
1118,What Now My Love,348.0
1119,Summer Love,138.0
1120,For Once In My Life,
1121,Love And Marriage,
1122,They Can't Take That Away From Me,
1123,My Kind Of Town,243.0
1124,Fly Me To The Moon,33.0
1125,I've Got You Under My Skin,
1126,The Best Is Yet To Come,
1127,It Was A Very Good Year,348.0
1128,Come Fly With Me,138.0
1129,That's Life,
1130,The Girl From Ipanema,
1131,The Lady Is A Tramp,
1132,"Bad, Bad Leroy Brown",243.0
1133,Mack The Knife,33.0
1134,Loves Been Good To Me,
1135,L.A. Is My Lady,
1136,Entrando Na Sua (Intro),348.0
1137,Nervosa,138.0
1138,Funk De Bamba (Com Fernanda Abreu),
1139,Call Me At Cleo´s,
1140,Olhos Coloridos (Com Sandra De Sá),
1141,Zambação,243.0
1142,Funk Hum,33.0
1143,Forty Days (Com DJ Hum),
1144,Balada Da Paula,
1145,Dujji,348.0
1146,Meu Guarda-Chuva,138.0
1147,Motéis,
1148,Whistle Stop,
1149,16 Toneladas,
1150,Divirta-Se (Saindo Da Sua),243.0
1151,Forty Days Instrumental,33.0
1152,Óia Eu Aqui De Novo,
1153,Baião Da Penha,
1154,Esperando Na Janela,348.0
1155,Juazeiro,138.0
1156,Último Pau-De-Arara,
1157,Asa Branca,
1158,Qui Nem Jiló,
1159,Assum Preto,243.0
1160,Pau-De-Arara,33.0
1161,A Volta Da Asa Branca,
1162,O Amor Daqui De Casa,
1163,As Pegadas Do Amor,
1164,Lamento Sertanejo,138.0
1165,Casinha Feliz,
1166,Introdução (Live),
1167,Palco (Live),
1168,Is This Love (Live),243.0
1169,Is This Love (Live),349.0
1170,Stir It Up (Live),33.0
1171,Stir It Up (Live),350.0
1172,Refavela (Live),350.0
1173,Vendedor De Caranguejo (Live),
1174,Quanta (Live),351.0
1175,Estrela (Live),138.0
1176,Pela Internet (Live),351.0
1177,Cérebro Eletrônico (Live),
1178,Opachorô (Live),352.0
1179,Copacabana (Live),243.0
1180,A Novidade (Live),33.0
1181,A Novidade (Live),352.0
1182,Ghandi (Live),
1183,De Ouro E Marfim (Live),352.0
1184,Doce De Carnaval (Candy All),
1185,Lamento De Carnaval,138.0
1186,Lamento De Carnaval,352.0
1187,Pretinha,
1188,A Novidade,
1189,Tenho Sede,
1190,Refazenda,353.0
1191,Realce,33.0
1192,Esotérico,
1193,Drão,
1194,A Paz,353.0
1195,Beira Mar,138.0
1196,Beira Mar,244.0
1197,Sampa,245.0
1198,Parabolicamará,245.0
1199,Tempo Rei,353.0
1200,Expresso 2222,246.0
1201,Aquele Abraço,33.0
1202,Palco,246.0
1203,Toda Menina Baiana,353.0
1204,Sítio Do Pica-Pau Amarelo,247.0
1205,Straight Out Of Line,138.0
1206,Faceless,247.0
1207,Changes,353.0
1208,Make Me Believe,247.0
1209,I Stand Alone,
1210,Re-Align,33.0
1211,Re-Align,247.0
1212,I Fucking Hate You,353.0
1213,Releasing The Demons,
1214,Dead And Broken,
1215,I Am,248.0
1216,The Awakening,
1217,Serenity,
1218,American Idiot,354.0
1219,Jesus Of Suburbia / City Of The Damned / I Don't Care / Dearly Beloved / Tales Of Another Broken Home,248.0
1220,Holiday,33.0
1221,Holiday,139.0
1222,Boulevard Of Broken Dreams,140.0
1223,Are We The Waiting,140.0
1224,St. Jimmy,248.0
1225,Give Me Novacaine,141.0
1226,Give Me Novacaine,354.0
1227,She's A Rebel,
1228,Extraordinary Girl,141.0
1229,Letterbomb,248.0
1230,Wake Me Up When September Ends,142.0
1231,Homecoming / The Death Of St. Jimmy / East 12th St. / Nobody Likes You / Rock And Roll Girlfriend / We're Coming Home Again,33.0
1232,Whatsername,142.0
1233,Whatsername,354.0
1234,Welcome to the Jungle,248.0
1235,It's So Easy,142.0
1236,Nightrain,
1237,Out Ta Get Me,142.0
1238,Mr. Brownstone,248.0
1239,Paradise City,354.0
1240,My Michelle,
1241,Think About You,143.0
1242,Sweet Child O' Mine,
1243,You're Crazy,
1244,Anything Goes,249.0
1245,Rocket Queen,143.0
1246,Rocket Queen,354.0
1247,Right Next Door to Hell,34.0
1248,Dust N' Bones,35.0
1249,Live and Let Die,35.0
1250,Don't Cry (Original),143.0
1251,Perfect Crime,36.0
1252,Perfect Crime,249.0
1253,You Ain't the First,354.0
1254,Bad Obsession,36.0
1255,Back off Bitch,143.0
1256,Double Talkin' Jive,37.0
1257,November Rain,
1258,The Garden,37.0
1259,The Garden,249.0
1260,Garden of Eden,143.0
1261,Garden of Eden,354.0
1262,Don't Damn Me,37.0
1263,Bad Apples,
1264,Dead Horse,37.0
1265,Coma,143.0
1266,Civil War,249.0
1267,14 Years,354.0
1268,Yesterdays,38.0
1269,Knockin' On Heaven's Door,
1270,Get In The Ring,
1271,Shotgun Blues,144.0
1272,Breakdown,38.0
1273,Breakdown,249.0
1274,Pretty Tied Up,354.0
1275,Locomotive,
1276,So Fine,
1277,Estranged,38.0
1278,You Could Be Mine,144.0
1279,Don't Cry,249.0
1280,My World,
1281,Colibri,38.0
1282,Love Is The Colour,
1283,Magnetic Ocean,355.0
1284,Deep Waters,144.0
1285,L'Arc En Ciel De Miles,38.0
1286,L'Arc En Ciel De Miles,249.0
1287,Gypsy,
1288,Journey Into Sunlight,
1289,Sunchild,
1290,Millenium,38.0
1291,Thinking 'Bout Tomorrow,144.0
1292,Jacob's Ladder,249.0
1293,She Wears Black,355.0
1294,Dark Side Of The Cog,
1295,Different World,
1296,These Colours Don't Run,39.0
1297,Brighter Than a Thousand Suns,144.0
1298,The Pilgrim,249.0
1299,The Longest Day,
1300,Out of the Shadows,
1301,The Reincarnation of Benjamin Breeg,
1302,For the Greater Good of God,39.0
1303,For the Greater Good of God,355.0
1304,Lord of Light,144.0
1305,The Legacy,
1306,Hallowed Be Thy Name (Live) [Non Album Bonus Track],
1307,The Number Of The Beast,
1308,The Trooper,250.0
1309,Prowler,39.0
1310,Transylvania,144.0
1311,Remember Tomorrow,
1312,Where Eagles Dare,355.0
1313,Sanctuary,
1314,Running Free,
1315,Run To The Hilss,39.0
1316,2 Minutes To Midnight,144.0
1317,Iron Maiden,250.0
1318,Hallowed Be Thy Name,
1319,Be Quick Or Be Dead,
1320,From Here To Eternity,
1321,Can I Play With Madness,39.0
1322,Can I Play With Madness,355.0
1323,Wasting Love,144.0
1324,Tailgunner,
1325,The Evil That Men Do,
1326,Afraid To Shoot Strangers,
1327,Bring Your Daughter... To The Slaughter,250.0
1328,Heaven Can Wait,39.0
1329,The Clairvoyant,
1330,Fear Of The Dark,
1331,The Wicker Man,355.0
1332,Ghost Of The Navigator,145.0
1333,Brave New World,
1334,Blood Brothers,39.0
1335,The Mercenary,
1336,Dream Of Mirrors,250.0
1337,The Fallen Angel,
1338,The Nomad,
1339,Out Of The Silent Planet,
1340,The Thin Line Between Love & Hate,39.0
1341,The Thin Line Between Love & Hate,355.0
1342,Wildest Dreams,145.0
1343,Rainmaker,
1344,No More Lies,
1345,Montsegur,
1346,Dance Of Death,250.0
1347,Gates Of Tomorrow,39.0
1348,New Frontier,
1349,Paschendale,
1350,Face In The Sand,355.0
1351,Age Of Innocence,145.0
1352,Journeyman,
1353,Be Quick Or Be Dead,
1354,From Here To Eternity,
1355,Afraid To Shoot Strangers,250.0
1356,Fear Is The Key,40.0
1357,Childhood's End,
1358,Wasting Love,
1359,The Fugitive,355.0
1360,Chains Of Misery,145.0
1361,The Apparition,
1362,Judas Be My Guide,
1363,Weekend Warrior,
1364,Fear Of The Dark,250.0
1365,01 - Prowler,40.0
1366,02 - Sanctuary,
1367,03 - Remember Tomorrow,
1368,04 - Running Free,355.0
1369,05 - Phantom of the Opera,145.0
1370,06 - Transylvania,
1371,07 - Strange World,
1372,08 - Charlotte the Harlot,
1373,09 - Iron Maiden,250.0
1374,The Ides Of March,40.0
1375,Wrathchild,
1376,Murders In The Rue Morgue,
1377,Another Life,355.0
1378,Genghis Khan,145.0
1379,Innocent Exile,
1380,Killers,
1381,Prodigal Son,
1382,Purgatory,250.0
1383,Drifter,40.0
1384,Intro- Churchill S Speech,
1385,Aces High,
1386,2 Minutes To Midnight,355.0
1387,The Trooper,145.0
1388,Revelations,
1389,Flight Of Icarus,
1390,Rime Of The Ancient Mariner,
1391,Powerslave,250.0
1392,The Number Of The Beast,40.0
1393,Hallowed Be Thy Name,
1394,Iron Maiden,
1395,Run To The Hills,355.0
1396,Running Free,145.0
1397,Wrathchild,
1398,Acacia Avenue,
1399,Children Of The Damned,
1400,Die With Your Boots On,250.0
1401,Phantom Of The Opera,40.0
1402,Be Quick Or Be Dead,
1403,The Number Of The Beast,
1404,Wrathchild,355.0
1405,From Here To Eternity,145.0
1406,Can I Play With Madness,
1407,Wasting Love,
1408,Tailgunner,
1409,The Evil That Men Do,250.0
1410,Afraid To Shoot Strangers,40.0
1411,Fear Of The Dark,
1412,Bring Your Daughter... To The Slaughter...,
1413,The Clairvoyant,
1414,Heaven Can Wait,145.0
1415,Run To The Hills,
1416,2 Minutes To Midnight,
1417,Iron Maiden,
1418,Hallowed Be Thy Name,250.0
1419,Hallowed Be Thy Name,356.0
1420,The Trooper,40.0
1421,The Trooper,357.0
1422,Sanctuary,357.0
1423,Running Free,
1424,Tailgunner,358.0
1425,Holy Smoke,145.0
1426,No Prayer For The Dying,358.0
1427,Public Enema Number One,
1428,Fates Warning,359.0
1429,The Assassin,250.0
1430,Run Silent Run Deep,40.0
1431,Run Silent Run Deep,359.0
1432,Hooks In You,
1433,Bring Your Daughter... ...To The Slaughter,359.0
1434,Mother Russia,
1435,Where Eagles Dare,145.0
1436,Where Eagles Dare,359.0
1437,Revelations,
1438,Flight Of The Icarus,
1439,Die With Your Boots On,
1440,The Trooper,360.0
1441,Still Life,40.0
1442,Quest For Fire,
1443,Sun And Steel,
1444,To Tame A Land,360.0
1445,Aces High,145.0
1446,Aces High,251.0
1447,2 Minutes To Midnight,252.0
1448,Losfer Words,252.0
1449,Flash of The Blade,360.0
1450,Duelists,253.0
1451,Back in the Village,40.0
1452,Powerslave,253.0
1453,Rime of the Ancient Mariner,360.0
1454,Intro,254.0
1455,The Wicker Man,145.0
1456,Ghost Of The Navigator,254.0
1457,Brave New World,360.0
1458,Wrathchild,254.0
1459,2 Minutes To Midnight,
1460,Blood Brothers,40.0
1461,Blood Brothers,254.0
1462,Sign Of The Cross,360.0
1463,The Mercenary,
1464,The Trooper,
1465,Dream Of Mirrors,255.0
1466,The Clansman,
1467,The Evil That Men Do,
1468,Fear Of The Dark,361.0
1469,Iron Maiden,255.0
1470,The Number Of The Beast,40.0
1471,The Number Of The Beast,146.0
1472,Hallowed Be Thy Name,147.0
1473,Sanctuary,147.0
1474,Run To The Hills,255.0
1475,Moonchild,148.0
1476,Moonchild,361.0
1477,Infinite Dreams,
1478,Can I Play With Madness,148.0
1479,The Evil That Men Do,255.0
1480,Seventh Son of a Seventh Son,149.0
1481,The Prophecy,40.0
1482,The Clairvoyant,149.0
1483,The Clairvoyant,361.0
1484,Only the Good Die Young,255.0
1485,Caught Somewhere in Time,149.0
1486,Wasted Years,
1487,Sea of Madness,149.0
1488,Heaven Can Wait,255.0
1489,Stranger in a Strange Land,361.0
1490,Alexander the Great,
1491,De Ja Vu,150.0
1492,The Loneliness of the Long Dis,
1493,22 Acacia Avenue,
1494,Children of the Damned,256.0
1495,Gangland,150.0
1496,Gangland,361.0
1497,Hallowed Be Thy Name,41.0
1498,Invaders,42.0
1499,Run to the Hills,42.0
1500,The Number Of The Beast,150.0
1501,The Prisoner,43.0
1502,The Prisoner,256.0
1503,Sign Of The Cross,361.0
1504,Lord Of The Flies,43.0
1505,Man On The Edge,150.0
1506,Fortunes Of War,44.0
1507,Look For The Truth,
1508,The Aftermath,44.0
1509,The Aftermath,256.0
1510,Judgement Of Heaven,150.0
1511,Judgement Of Heaven,361.0
1512,Blood On The World's Hands,44.0
1513,The Edge Of Darkness,
1514,2 A.M.,44.0
1515,The Unbeliever,150.0
1516,Futureal,256.0
1517,The Angel And The Gambler,361.0
1518,Lightning Strikes Twice,45.0
1519,The Clansman,
1520,When Two Worlds Collide,
1521,The Educated Fool,151.0
1522,Don't Look To The Eyes Of A Stranger,45.0
1523,Don't Look To The Eyes Of A Stranger,256.0
1524,Como Estais Amigos,361.0
1525,Please Please Please,
1526,Think,
1527,Night Train,45.0
1528,Out Of Sight,151.0
1529,Papa's Got A Brand New Bag Pt.1,256.0
1530,I Got You (I Feel Good),
1531,It's A Man's Man's Man's World,45.0
1532,Cold Sweat,
1533,"Say It Loud, I'm Black And I'm Proud Pt.1",362.0
1534,Get Up (I Feel Like Being A) Sex Machine,151.0
1535,Hey America,45.0
1536,Hey America,256.0
1537,Make It Funky Pt.1,
1538,I'm A Greedy Man Pt.1,
1539,Get On The Good Foot,
1540,Get Up Offa That Thing,45.0
1541,It's Too Funky In Here,151.0
1542,Living In America,256.0
1543,I'm Real,362.0
1544,Hot Pants Pt.1,
1545,Soul Power (Live),
1546,When You Gonna Learn (Digeridoo),46.0
1547,Too Young To Die,151.0
1548,Hooked Up,256.0
1549,"If I Like It, I Do It",
1550,Music Of The Wind,
1551,Emergency On Planet Earth,
1552,"Whatever It Is, I Just Can't Stop",46.0
1553,"Whatever It Is, I Just Can't Stop",362.0
1554,Blow Your Mind,151.0
1555,Revolution 1993,
1556,Didgin' Out,
1557,Canned Heat,
1558,Planet Home,257.0
1559,Black Capricorn Day,46.0
1560,Soul Education,151.0
1561,Failling,
1562,Destitute Illusions,362.0
1563,Supersonic,
1564,Butterfly,
1565,Were Do We Go From Here,46.0
1566,King For A Day,151.0
1567,Deeper Underground,257.0
1568,Just Another Story,
1569,Stillness In Time,
1570,Half The Man,
1571,Light Years,46.0
1572,Light Years,362.0
1573,Manifest Destiny,151.0
1574,The Kids,
1575,Mr. Moon,
1576,Scam,
1577,Journey To Arnhemland,257.0
1578,Morning Glory,46.0
1579,Space Cowboy,
1580,Last Chance,
1581,Are You Gonna Be My Girl,362.0
1582,Rollover D.J.,152.0
1583,Look What You've Done,
1584,Get What You Need,46.0
1585,Move On,
1586,Radio Song,257.0
1587,Get Me Outta Here,
1588,Cold Hard Bitch,
1589,Come Around Again,
1590,Take It Or Leave It,46.0
1591,Take It Or Leave It,362.0
1592,Lazy Gun,152.0
1593,Timothy,
1594,Foxy Lady,
1595,Manic Depression,
1596,Red House,257.0
1597,Can You See Me,46.0
1598,Love Or Confusion,
1599,I Don't Live Today,
1600,May This Be Love,362.0
1601,Fire,152.0
1602,Third Stone From The Sun,
1603,Remember,
1604,Are You Experienced?,
1605,Hey Joe,257.0
1606,Stone Free,47.0
1607,Purple Haze,
1608,51st Anniversary,
1609,The Wind Cries Mary,362.0
1610,Highway Chile,152.0
1611,Surfing with the Alien,
1612,Ice 9,
1613,Crushing Day,
1614,"Always With Me, Always With You",257.0
1615,Satch Boogie,47.0
1616,Hill of the Skull,
1617,Circles,
1618,Lords of Karma,362.0
1619,Midnight,152.0
1620,Echo,
1621,Engenho De Dentro,
1622,Alcohol,
1623,Mama Africa,257.0
1624,Salve Simpatia,47.0
1625,W/Brasil (Chama O Síndico),
1626,País Tropical,
1627,Os Alquimistas Estão Chegando,362.0
1628,Charles Anjo 45,152.0
1629,Selassiê,
1630,Menina Sarará,
1631,Que Maravilha,
1632,Santa Clara Clareou,257.0
1633,Filho Maravilha,47.0
1634,Taj Mahal,
1635,Rapidamente,
1636,As Dores do Mundo,362.0
1637,Vou Pra Ai,152.0
1638,My Brother,
1639,Há Quanto Tempo,
1640,Vício,
1641,Encontrar Alguém,257.0
1642,Dance Enquanto é Tempo,47.0
1643,A Tarde,
1644,Always Be All Right,
1645,Sem Sentido,362.0
1646,Onibusfobia,152.0
1647,Pura Elegancia,
1648,Choramingando,
1649,Por Merecer,
1650,No Futuro,257.0
1651,Voce Inteira,47.0
1652,Cuando A Noite Vai Chegando,
1653,Naquele Dia,
1654,Equinocio,362.0
1655,Papelão,152.0
1656,Cuando Eu For Pro Ceu,
1657,Do Nosso Amor,
1658,Borogodo,
1659,Cafezinho,257.0
1660,Enquanto O Dia Não Vem,47.0
1661,The Green Manalishi,
1662,Living After Midnight,
1663,Breaking The Law (Live),
1664,Hot Rockin',152.0
1665,Heading Out To The Highway (Live),
1666,The Hellion,
1667,Electric Eye,
1668,You've Got Another Thing Comin',257.0
1669,You've Got Another Thing Comin',363.0
1670,Turbo Lover,47.0
1671,Turbo Lover,364.0
1672,Freewheel Burning,364.0
1673,Some Heads Are Gonna Roll,
1674,Metal Meltdown,365.0
1675,Ram It Down,152.0
1676,Diamonds And Rust (Live),365.0
1677,Victim Of Change (Live),
1678,Tyrant (Live),366.0
1679,Comin' Home,257.0
1680,Plaster Caster,47.0
1681,Plaster Caster,366.0
1682,Goin' Blind,
1683,Do You Love Me,366.0
1684,Domino,
1685,Sure Know Something,152.0
1686,Sure Know Something,366.0
1687,A World Without Heroes,
1688,Rock Bottom,
1689,See You Tonight,
1690,I Still Love You,367.0
1691,Every Time I Look At You,47.0
1692,"2,000 Man",
1693,Beth,
1694,Nothin' To Lose,367.0
1695,Rock And Roll All Nite,152.0
1696,Rock And Roll All Nite,258.0
1697,Immigrant Song,259.0
1698,Heartbreaker,259.0
1699,Since I've Been Loving You,367.0
1700,Black Dog,260.0
1701,Dazed And Confused,47.0
1702,Stairway To Heaven,260.0
1703,Going To California,367.0
1704,That's The Way,261.0
1705,Whole Lotta Love (Medley),152.0
1706,Thank You,261.0
1707,We're Gonna Groove,367.0
1708,Poor Tom,261.0
1709,I Can't Quit You Baby,
1710,Walter's Walk,47.0
1711,Walter's Walk,261.0
1712,Ozone Baby,367.0
1713,Darlene,
1714,Bonzo's Montreux,
1715,Wearing And Tearing,262.0
1716,The Song Remains The Same,
1717,The Rain Song,
1718,Over The Hills And Far Away,368.0
1719,The Crunge,262.0
1720,Dancing Days,47.0
1721,Dancing Days,153.0
1722,D'Yer Mak'er,154.0
1723,No Quarter,154.0
1724,The Ocean,262.0
1725,In The Evening,155.0
1726,In The Evening,368.0
1727,South Bound Saurez,
1728,Fool In The Rain,155.0
1729,Hot Dog,262.0
1730,Carouselambra,156.0
1731,All My Love,47.0
1732,I'm Gonna Crawl,156.0
1733,I'm Gonna Crawl,368.0
1734,Black Dog,262.0
1735,Rock & Roll,156.0
1736,The Battle Of Evermore,
1737,Stairway To Heaven,156.0
1738,Misty Mountain Hop,262.0
1739,Four Sticks,368.0
1740,Going To California,
1741,When The Levee Breaks,157.0
1742,Good Times Bad Times,
1743,Babe I'm Gonna Leave You,
1744,You Shook Me,263.0
1745,Dazed and Confused,157.0
1746,Dazed and Confused,368.0
1747,Your Time Is Gonna Come,48.0
1748,Black Mountain Side,49.0
1749,Communication Breakdown,49.0
1750,I Can't Quit You Baby,157.0
1751,How Many More Times,50.0
1752,How Many More Times,263.0
1753,Whole Lotta Love,368.0
1754,What Is And What Should Never Be,50.0
1755,The Lemon Song,157.0
1756,Thank You,51.0
1757,Heartbreaker,
1758,Living Loving Maid (She's Just A Woman),51.0
1759,Living Loving Maid (She's Just A Woman),263.0
1760,Ramble On,157.0
1761,Ramble On,368.0
1762,Moby Dick,51.0
1763,Bring It On Home,
1764,Immigrant Song,51.0
1765,Friends,157.0
1766,Celebration Day,263.0
1767,Since I've Been Loving You,368.0
1768,Out On The Tiles,52.0
1769,Gallows Pole,
1770,Tangerine,
1771,That's The Way,158.0
1772,Bron-Y-Aur Stomp,52.0
1773,Bron-Y-Aur Stomp,263.0
1774,Hats Off To (Roy) Harper,368.0
1775,In The Light,
1776,Bron-Yr-Aur,
1777,Down By The Seaside,52.0
1778,Ten Years Gone,158.0
1779,Night Flight,263.0
1780,The Wanton Song,
1781,Boogie With Stu,52.0
1782,Black Country Woman,
1783,Sick Again,369.0
1784,Achilles Last Stand,158.0
1785,For Your Life,52.0
1786,For Your Life,263.0
1787,Royal Orleans,
1788,Nobody's Fault But Mine,
1789,Candy Store Rock,
1790,Hots On For Nowhere,52.0
1791,Tea For One,158.0
1792,Rock & Roll,263.0
1793,Celebration Day,369.0
1794,The Song Remains The Same,
1795,Rain Song,
1796,Dazed And Confused,53.0
1797,No Quarter,158.0
1798,Stairway To Heaven,263.0
1799,Moby Dick,
1800,Whole Lotta Love,
1801,Natália,
1802,L'Avventura,53.0
1803,L'Avventura,369.0
1804,Música De Trabalho,158.0
1805,Longe Do Meu Lado,
1806,A Via Láctea,
1807,Música Ambiente,
1808,Aloha,264.0
1809,Soul Parsifal,53.0
1810,Dezesseis,158.0
1811,Mil Pedaços,
1812,Leila,369.0
1813,1º De Julho,
1814,Esperando Por Mim,
1815,Quando Você Voltar,53.0
1816,O Livro Dos Dias,158.0
1817,Será,264.0
1818,Ainda É Cedo,
1819,Geração Coca-Cola,
1820,Eduardo E Mônica,
1821,Tempo Perdido,53.0
1822,Tempo Perdido,369.0
1823,Indios,158.0
1824,Que País É Este,
1825,Faroeste Caboclo,
1826,Há Tempos,
1827,Pais E Filhos,264.0
1828,Meninos E Meninas,53.0
1829,Vento No Litoral,
1830,Perfeição,
1831,Giz,369.0
1832,Dezesseis,159.0
1833,Antes Das Seis,
1834,Are You Gonna Go My Way,53.0
1835,Fly Away,
1836,Rock And Roll Is Dead,264.0
1837,Again,
1838,It Ain't Over 'Til It's Over,
1839,Can't Get You Off My Mind,
1840,Mr. Cab Driver,53.0
1841,Mr. Cab Driver,369.0
1842,American Woman,159.0
1843,Stand By My Woman,
1844,Always On The Run,
1845,Heaven Help,
1846,I Belong To You,264.0
1847,Believe,53.0
1848,Let Love Rule,
1849,Black Velveteen,
1850,Assim Caminha A Humanidade,369.0
1851,Honolulu,159.0
1852,Dancin´Days,
1853,Um Pro Outro,
1854,Aviso Aos Navegantes,
1855,Casa,264.0
1856,Condição,54.0
1857,Hyperconectividade,
1858,O Descobridor Dos Sete Mares,
1859,Satisfação,369.0
1860,Brumário,159.0
1861,Um Certo Alguém,
1862,Fullgás,
1863,Sábado À Noite,
1864,A Cura,264.0
1865,Aquilo,54.0
1866,Atrás Do Trio Elétrico,
1867,Senta A Pua,
1868,Ro-Que-Se-Da-Ne,369.0
1869,Tudo Bem,159.0
1870,Toda Forma De Amor,
1871,Tudo Igual,
1872,Fogo De Palha,
1873,Sereia,264.0
1874,Assaltaram A Gramática,54.0
1875,Se Você Pensa,
1876,Lá Vem O Sol (Here Comes The Sun),
1877,O Último Romântico (Ao Vivo),369.0
1878,Pseudo Silk Kimono,159.0
1879,Kayleigh,
1880,Lavender,
1881,Bitter Suite: Brief Encounter / Lost Weekend / Blue Angel,
1882,Heart Of Lothian: Wide Boy / Curtain Call,264.0
1883,Waterhole (Expresso Bongo),54.0
1884,Lords Of The Backstage,
1885,Blind Curve: Vocal Under A Bloodlight / Passing Strangers / Mylo / Perimeter Walk / Threshold,
1886,Childhoods End?,369.0
1887,White Feather,159.0
1888,Arrepio,
1889,Magamalabares,
1890,Chuva No Brejo,
1891,Cérebro Eletrônico,264.0
1892,Tempos Modernos,54.0
1893,Maraçá,
1894,Blanco,
1895,Panis Et Circenses,369.0
1896,De Noite Na Cama,159.0
1897,Beija Eu,
1898,Give Me Love,
1899,Ainda Lembro,
1900,A Menina Dança,264.0
1901,Dança Da Solidão,54.0
1902,Ao Meu Redor,
1903,Bem Leve,
1904,Segue O Seco,369.0
1905,O Xote Das Meninas,159.0
1906,Wherever I Lay My Hat,
1907,Get My Hands On Some Lovin',
1908,No Good Without You,
1909,You've Been A Long Time Coming,264.0
1910,When I Had Your Love,54.0
1911,You're What's Happening (In The World Today),
1912,Loving You Is Sweeter Than Ever,
1913,It's A Bitter Pill To Swallow,
1914,Seek And You Shall Find,159.0
1915,Gonna Keep On Tryin' Till I Win Your Love,
1916,Gonna Give Her All The Love I've Got,
1917,I Wish It Would Rain,
1918,"Abraham, Martin And John",264.0
1919,"Abraham, Martin And John",370.0
1920,Save The Children,54.0
1921,Save The Children,371.0
1922,You Sure Love To Ball,371.0
1923,Ego Tripping Out,
1924,Praise,372.0
1925,Heavy Love Affair,159.0
1926,Down Under,372.0
1927,Overkill,
1928,Be Good Johnny,373.0
1929,Everything I Need,264.0
1930,Down by the Sea,54.0
1931,Down by the Sea,373.0
1932,Who Can It Be Now?,
1933,It's a Mistake,373.0
1934,Dr. Heckyll & Mr. Jive,
1935,Shakes and Ladders,159.0
1936,Shakes and Ladders,373.0
1937,No Sign of Yesterday,
1938,Enter Sandman,
1939,Sad But True,
1940,Holier Than Thou,374.0
1941,The Unforgiven,54.0
1942,Wherever I May Roam,
1943,Don't Tread On Me,
1944,Through The Never,374.0
1945,Nothing Else Matters,159.0
1946,Nothing Else Matters,265.0
1947,Of Wolf And Man,266.0
1948,The God That Failed,266.0
1949,My Friend Of Misery,374.0
1950,The Struggle Within,267.0
1951,Helpless,54.0
1952,The Small Hours,267.0
1953,The Wait,374.0
1954,Crash Course In Brain Surgery,268.0
1955,Last Caress/Green Hell,159.0
1956,Am I Evil?,268.0
1957,Blitzkrieg,374.0
1958,Breadfan,268.0
1959,The Prince,
1960,Stone Cold Crazy,54.0
1961,Stone Cold Crazy,268.0
1962,So What,374.0
1963,Killing Time,
1964,Overkill,
1965,Damage Case,269.0
1966,Stone Dead Forever,
1967,Too Late Too Late,
1968,Hit The Lights,375.0
1969,The Four Horsemen,269.0
1970,Motorbreath,54.0
1971,Motorbreath,160.0
1972,Jump In The Fire,161.0
1973,(Anesthesia) Pulling Teeth,161.0
1974,Whiplash,269.0
1975,Phantom Lord,162.0
1976,Phantom Lord,375.0
1977,No Remorse,
1978,Seek & Destroy,162.0
1979,Metal Militia,269.0
1980,Ain't My Bitch,163.0
1981,2 X 4,54.0
1982,The House Jack Built,163.0
1983,The House Jack Built,375.0
1984,Until It Sleeps,269.0
1985,King Nothing,163.0
1986,Hero Of The Day,
1987,Bleeding Me,163.0
1988,Cure,269.0
1989,Poor Twisted Me,375.0
1990,Wasted My Hate,
1991,Mama Said,164.0
1992,Thorn Within,
1993,Ronnie,
1994,The Outlaw Torn,270.0
1995,Battery,164.0
1996,Battery,375.0
1997,Master Of Puppets,55.0
1998,The Thing That Should Not Be,56.0
1999,Welcome Home (Sanitarium),56.0
2000,Disposable Heroes,164.0
2001,Leper Messiah,57.0
2002,Leper Messiah,270.0
2003,Orion,375.0
2004,Damage Inc.,57.0
2005,Fuel,164.0
2006,The Memory Remains,58.0
2007,Devil's Dance,
2008,The Unforgiven II,58.0
2009,The Unforgiven II,270.0
2010,Better Than You,164.0
2011,Better Than You,375.0
2012,Slither,58.0
2013,Carpe Diem Baby,
2014,Bad Seed,58.0
2015,Where The Wild Things Are,164.0
2016,Prince Charming,270.0
2017,Low Man's Lyric,375.0
2018,Attitude,59.0
2019,Fixxxer,
2020,Fight Fire With Fire,
2021,Ride The Lightning,165.0
2022,For Whom The Bell Tolls,59.0
2023,For Whom The Bell Tolls,270.0
2024,Fade To Black,375.0
2025,Trapped Under Ice,
2026,Escape,
2027,Creeping Death,59.0
2028,The Call Of Ktulu,165.0
2029,Frantic,270.0
2030,St. Anger,
2031,Some Kind Of Monster,59.0
2032,Dirty Window,
2033,Invisible Kid,376.0
2034,My World,165.0
2035,Shoot Me Again,59.0
2036,Shoot Me Again,270.0
2037,Sweet Amber,
2038,The Unnamed Feeling,
2039,Purify,
2040,All Within My Hands,59.0
2041,Blackened,165.0
2042,...And Justice For All,270.0
2043,Eye Of The Beholder,376.0
2044,One,
2045,The Shortest Straw,
2046,Harvester Of Sorrow,60.0
2047,The Frayed Ends Of Sanity,165.0
2048,To Live Is To Die,270.0
2049,Dyers Eve,
2050,Springsville,
2051,The Maids Of Cadiz,
2052,The Duke,60.0
2053,The Duke,376.0
2054,My Ship,165.0
2055,Miles Ahead,
2056,Blues For Pablo,
2057,New Rhumba,
2058,The Meaning Of The Blues,271.0
2059,Lament,60.0
2060,I Don't Wanna Be Kissed (By Anyone But You),165.0
2061,Springsville (Alternate Take),
2062,Blues For Pablo (Alternate Take),376.0
2063,The Meaning Of The Blues/Lament (Alternate Take),
2064,I Don't Wanna Be Kissed (By Anyone But You) (Alternate Take),
2065,Coração De Estudante,60.0
2066,A Noite Do Meu Bem,165.0
2067,Paisagem Na Janela,271.0
2068,Cuitelinho,
2069,Caxangá,
2070,Nos Bailes Da Vida,
2071,Menestrel Das Alagoas,60.0
2072,Menestrel Das Alagoas,376.0
2073,Brasil,165.0
2074,Canção Do Novo Mundo,
2075,Um Gosto De Sol,
2076,Solar,
2077,Para Lennon E McCartney,271.0
2078,"Maria, Maria",60.0
2079,Minas,
2080,"Fé Cega, Faca Amolada",
2081,Beijo Partido,376.0
2082,Saudade Dos Aviões Da Panair (Conversando No Bar),166.0
2083,Gran Circo,
2084,Ponta de Areia,60.0
2085,Trastevere,
2086,Idolatrada,271.0
2087,Leila (Venha Ser Feliz),
2088,Paula E Bebeto,
2089,Simples,
2090,Norwegian Wood,60.0
2091,Norwegian Wood,376.0
2092,Caso Você Queira Saber,166.0
2093,Ace Of Spades,
2094,Love Me Like A Reptile,
2095,Shoot You In The Back,
2096,Live To Win,271.0
2097,Fast And Loose,60.0
2098,(We Are) The Road Crew,
2099,Fire Fire,
2100,Jailbait,376.0
2101,Dance,166.0
2102,Bite The Bullet,
2103,The Chase Is Better Than The Catch,
2104,The Hammer,
2105,Dirty Love,271.0
2106,Please Don't Touch,61.0
2107,Emergency,
2108,Kir Royal,
2109,O Que Vai Em Meu Coração,376.0
2110,Aos Leões,166.0
2111,Dois Índios,
2112,Noite Negra,
2113,Beijo do Olhar,
2114,É Fogo,271.0
2115,Já Foi,61.0
2116,Só Se For Pelo Cabelo,
2117,No Clima,
2118,A Moça e a Chuva,376.0
2119,Demorou!,166.0
2120,Bitter Pill,
2121,Enslaved,
2122,"Girls, Girls, Girls",
2123,Kickstart My Heart,271.0
2124,Wild Side,61.0
2125,Glitter,
2126,Dr. Feelgood,
2127,Same Ol' Situation,376.0
2128,Home Sweet Home,166.0
2129,Afraid,
2130,Don't Go Away Mad (Just Go Away),
2131,Without You,
2132,Smokin' in The Boys Room,271.0
2133,Primal Scream,61.0
2134,Too Fast For Love,
2135,Looks That Kill,
2136,Shout At The Devil,376.0
2137,Intro,166.0
2138,School,
2139,Drain You,
2140,Aneurysm,
2141,Smells Like Teen Spirit,271.0
2142,Been A Son,61.0
2143,Lithium,
2144,Sliver,
2145,Spank Thru,376.0
2146,Scentless Apprentice,166.0
2147,Heart-Shaped Box,
2148,Milk It,
2149,Negative Creep,
2150,Polly,271.0
2151,Breed,61.0
2152,Tourette's,
2153,Blew,
2154,Smells Like Teen Spirit,376.0
2155,In Bloom,166.0
2156,Come As You Are,
2157,Breed,
2158,Lithium,
2159,Polly,271.0
2160,Territorial Pissings,61.0
2161,Drain You,
2162,Lounge Act,
2163,Stay Away,
2164,On A Plain,166.0
2165,Something In The Way,
2166,Time,
2167,P.S.Apareça,
2168,Sangue Latino,271.0
2169,Sangue Latino,377.0
2170,Folhas Secas,61.0
2171,Folhas Secas,378.0
2172,Poeira,378.0
2173,Mágica,
2174,Quem Mata A Mulher Mata O Melhor,379.0
2175,Mundaréu,166.0
2176,O Braço Da Minha Guitarra,379.0
2177,Deus,
2178,Mãe Terra,380.0
2179,Às Vezes,271.0
2180,Menino De Rua,61.0
2181,Menino De Rua,380.0
2182,Prazer E Fé,
2183,Elza,380.0
2184,Requebra,
2185,Nossa Gente (Avisa Là),166.0
2186,Nossa Gente (Avisa Là),380.0
2187,Olodum - Alegria Geral,
2188,Madagáscar Olodum,
2189,Faraó Divindade Do Egito,
2190,Todo Amor (Asas Da Liberdade),381.0
2191,Denúncia,61.0
2192,"Olodum, A Banda Do Pelô",
2193,Cartao Postal,
2194,Jeito Faceiro,381.0
2195,Revolta Olodum,166.0
2196,Revolta Olodum,272.0
2197,Reggae Odoyá,273.0
2198,Protesto Do Olodum (Ao Vivo),273.0
2199,Olodum - Smile (Instrumental),381.0
2200,Vulcão Dub - Fui Eu,274.0
2201,O Trem Da Juventude,61.0
2202,Manguetown,274.0
2203,"Um Amor, Um Lugar",381.0
2204,Bora-Bora,275.0
2205,Vai Valer,166.0
2206,I Feel Good (I Got You) - Sossego,275.0
2207,Uns Dias,381.0
2208,Sincero Breu,275.0
2209,Meu Erro,
2210,Selvagem,61.0
2211,Selvagem,275.0
2212,Brasília 5:31,381.0
2213,Tendo A Lua,
2214,Que País É Este,
2215,Navegar Impreciso,276.0
2216,Feira Moderna,
2217,Tequila - Lourinha Bombril (Parate Y Mira),
2218,Vamo Batê Lata,382.0
2219,Life During Wartime,276.0
2220,Nebulosa Do Amor,61.0
2221,Nebulosa Do Amor,167.0
2222,Caleidoscópio,168.0
2223,Trac Trac,168.0
2224,Tendo A Lua,276.0
2225,Mensagen De Amor (2000),169.0
2226,Mensagen De Amor (2000),382.0
2227,Lourinha Bombril,
2228,La Bella Luna,169.0
2229,Busca Vida,276.0
2230,Uma Brasileira,170.0
2231,Luis Inacio (300 Picaretas),61.0
2232,Saber Amar,170.0
2233,Saber Amar,382.0
2234,Ela Disse Adeus,276.0
2235,O Amor Nao Sabe Esperar,170.0
2236,Aonde Quer Que Eu Va,
2237,Caleidoscópio,170.0
2238,Óculos,276.0
2239,Cinema Mudo,382.0
2240,Alagados,
2241,Lanterna Dos Afogados,171.0
2242,Melô Do Marinheiro,
2243,Vital E Sua Moto,
2244,O Beco,277.0
2245,Meu Erro,171.0
2246,Meu Erro,382.0
2247,Perplexo,62.0
2248,Me Liga,63.0
2249,Quase Um Segundo,63.0
2250,Selvagem,171.0
2251,Romance Ideal,64.0
2252,Romance Ideal,277.0
2253,Será Que Vai Chover?,382.0
2254,SKA,64.0
2255,Bark at the Moon,171.0
2256,I Don't Know,65.0
2257,Crazy Train,
2258,Flying High Again,65.0
2259,Flying High Again,277.0
2260,"Mama, I'm Coming Home",171.0
2261,"Mama, I'm Coming Home",382.0
2262,No More Tears,65.0
2263,I Don't Know,
2264,Crazy Train,65.0
2265,Believer,171.0
2266,Mr. Crowley,277.0
2267,Flying High Again,382.0
2268,Relvelation (Mother Earth),66.0
2269,Steal Away (The Night),
2270,Suicide Solution (With Guitar Solo),
2271,Iron Man,172.0
2272,Children Of The Grave,66.0
2273,Children Of The Grave,277.0
2274,Paranoid,382.0
2275,Goodbye To Romance,
2276,No Bone Movies,
2277,Dee,66.0
2278,Shining In The Light,172.0
2279,When The World Was Young,277.0
2280,Upon A Golden Horse,
2281,Blue Train,66.0
2282,Please Read The Letter,
2283,Most High,383.0
2284,Heart In Your Hand,172.0
2285,Walking Into Clarksdale,66.0
2286,Walking Into Clarksdale,277.0
2287,Burning Up,
2288,When I Was A Child,
2289,House Of Love,
2290,Sons Of Freedom,66.0
2291,United Colours,172.0
2292,Slug,277.0
2293,Your Blue Room,383.0
2294,Always Forever Now,
2295,A Different Kind Of Blue,
2296,Beach Sequence,67.0
2297,Miss Sarajevo,172.0
2298,Ito Okashi,277.0
2299,One Minute Warning,
2300,Corpse (These Chains Are Way Too Long),
2301,Elvis Ate America,
2302,Plot 180,67.0
2303,Plot 180,383.0
2304,Theme From The Swan,172.0
2305,Theme From Let's Go Native,
2306,Wrathchild,
2307,Killers,
2308,Prowler,278.0
2309,Murders In The Rue Morgue,67.0
2310,Women In Uniform,172.0
2311,Remember Tomorrow,
2312,Sanctuary,383.0
2313,Running Free,
2314,Phantom Of The Opera,
2315,Iron Maiden,67.0
2316,Corduroy,172.0
2317,Given To Fly,278.0
2318,"Hail, Hail",
2319,Daughter,
2320,Elderly Woman Behind The Counter In A Small Town,
2321,Untitled,67.0
2322,Untitled,383.0
2323,MFC,172.0
2324,Go,
2325,Red Mosquito,
2326,Even Flow,
2327,Off He Goes,278.0
2328,Nothingman,67.0
2329,Do The Evolution,
2330,Better Man,
2331,Black,383.0
2332,F*Ckin' Up,173.0
2333,Life Wasted,
2334,World Wide Suicide,67.0
2335,Comatose,
2336,Severed Hand,278.0
2337,Marker In The Sand,
2338,Parachutes,
2339,Unemployable,
2340,Big Wave,67.0
2341,Big Wave,383.0
2342,Gone,173.0
2343,Wasted Reprise,
2344,Army Reserve,
2345,Come Back,
2346,Inside Job,278.0
2347,Can't Keep,67.0
2348,Save You,
2349,Love Boat Captain,
2350,Cropduster,383.0
2351,Ghost,173.0
2352,I Am Mine,
2353,Thumbing My Way,
2354,You Are,
2355,Get Right,278.0
2356,Green Disease,68.0
2357,Help Help,
2358,Bushleager,
2359,1/2 Full,383.0
2360,Arc,173.0
2361,All or None,
2362,Once,
2363,Evenflow,
2364,Alive,278.0
2365,Why Go,68.0
2366,Black,
2367,Jeremy,
2368,Oceans,383.0
2369,Porch,173.0
2370,Garden,
2371,Deep,
2372,Release,
2373,Go,278.0
2374,Animal,68.0
2375,Daughter,
2376,Glorified G,
2377,Dissident,383.0
2378,W.M.A.,173.0
2379,Blood,
2380,Rearviewmirror,
2381,Rats,
2382,Elderly Woman Behind The Counter In A Small Town,278.0
2383,Leash,68.0
2384,Indifference,
2385,Johnny B. Goode,
2386,Don't Look Back,383.0
2387,Jah Seh No,173.0
2388,I'm The Toughest,
2389,Nothing But Love,
2390,Buk-In-Hamm Palace,
2391,Bush Doctor,278.0
2392,Wanted Dread And Alive,68.0
2393,Mystic Man,
2394,Coming In Hot,
2395,Pick Myself Up,383.0
2396,Crystal Ball,173.0
2397,Equal Rights Downpresser Man,
2398,Speak To Me/Breathe,
2399,On The Run,
2400,Time,278.0
2401,The Great Gig In The Sky,68.0
2402,Money,
2403,Us And Them,
2404,Any Colour You Like,383.0
2405,Brain Damage,173.0
2406,Eclipse,
2407,ZeroVinteUm,
2408,Queimando Tudo,
2409,Hip Hop Rio,278.0
2410,Bossa,68.0
2411,100% HardCore,
2412,Biruta,
2413,Mão Na Cabeça,
2414,O Bicho Tá Pregando,173.0
2415,Adoled (Ocean),
2416,Seus Amigos,
2417,Paga Pau,
2418,Rappers Reais,278.0
2419,Rappers Reais,384.0
2420,Nega Do Cabelo Duro,68.0
2421,Nega Do Cabelo Duro,385.0
2422,Hemp Family,385.0
2423,Quem Me Cobrou?,
2424,Se Liga,386.0
2425,Bohemian Rhapsody,173.0
2426,Another One Bites The Dust,386.0
2427,Killer Queen,
2428,Fat Bottomed Girls,387.0
2429,Bicycle Race,278.0
2430,You're My Best Friend,68.0
2431,You're My Best Friend,387.0
2432,Don't Stop Me Now,
2433,Save Me,387.0
2434,Crazy Little Thing Called Love,
2435,Somebody To Love,173.0
2436,Somebody To Love,387.0
2437,Now I'm Here,
2438,Good Old-Fashioned Lover Boy,
2439,Play The Game,
2440,Flash,388.0
2441,Seven Seas Of Rhye,68.0
2442,We Will Rock You,
2443,We Are The Champions,
2444,We Will Rock You,388.0
2445,We Are The Champions,173.0
2446,We Are The Champions,279.0
2447,Sheer Heart Attack,280.0
2448,"All Dead, All Dead",280.0
2449,Spread Your Wings,388.0
2450,Fight From The Inside,281.0
2451,"Get Down, Make Love",68.0
2452,Sleep On The Sidewalk,281.0
2453,Who Needs You,388.0
2454,It's Late,282.0
2455,My Melancholy Blues,173.0
2456,Shiny Happy People,282.0
2457,Me In Honey,388.0
2458,Radio Song,282.0
2459,Pop Song 89,
2460,Get Up,68.0
2461,Get Up,282.0
2462,You Are The Everything,388.0
2463,Stand,
2464,World Leader Pretend,
2465,The Wrong Child,283.0
2466,Orange Crush,
2467,Turn You Inside-Out,
2468,Hairshirt,389.0
2469,I Remember California,283.0
2470,Untitled,68.0
2471,Untitled,174.0
2472,How The West Was Won And Where It Got Us,175.0
2473,The Wake-Up Bomb,175.0
2474,New Test Leper,283.0
2475,Undertow,176.0
2476,Undertow,389.0
2477,E-Bow The Letter,
2478,Leave,176.0
2479,Departure,283.0
2480,Bittersweet Me,177.0
2481,Be Mine,68.0
2482,Binky The Doormat,177.0
2483,Binky The Doormat,389.0
2484,Zither,283.0
2485,"So Fast, So Numb",177.0
2486,Low Desert,
2487,Electrolite,177.0
2488,Losing My Religion,283.0
2489,Low,389.0
2490,Near Wild Heaven,
2491,Endgame,178.0
2492,Belong,
2493,Half A World Away,
2494,Texarkana,284.0
2495,Country Feedback,178.0
2496,Country Feedback,389.0
2497,Carnival Of Sorts,69.0
2498,Radio Free Aurope,70.0
2499,Perfect Circle,70.0
2500,Talk About The Passion,178.0
2501,So Central Rain,71.0
2502,So Central Rain,284.0
2503,Don't Go Back To Rockville,389.0
2504,Pretty Persuasion,71.0
2505,Green Grow The Rushes,178.0
2506,Can't Get There From Here,72.0
2507,Driver 8,
2508,Fall On Me,72.0
2509,Fall On Me,284.0
2510,I Believe,178.0
2511,I Believe,389.0
2512,Cuyahoga,72.0
2513,The One I Love,
2514,The Finest Worksong,72.0
2515,It's The End Of The World As We Know It (And I Feel Fine),178.0
2516,Infeliz Natal,284.0
2517,A Sua,389.0
2518,Papeau Nuky Doe,73.0
2519,Merry Christmas,
2520,Bodies,
2521,Puteiro Em João Pessoa,179.0
2522,Esporrei Na Manivela,73.0
2523,Esporrei Na Manivela,284.0
2524,Bê-a-Bá,389.0
2525,Cajueiro,
2526,Palhas Do Coqueiro,
2527,Maluco Beleza,73.0
2528,O Dia Em Que A Terra Parou,179.0
2529,No Fundo Do Quintal Da Escola,284.0
2530,O Segredo Do Universo,
2531,As Profecias,73.0
2532,Mata Virgem,
2533,Sapato 36,390.0
2534,Todo Mundo Explica,179.0
2535,Que Luz É Essa,73.0
2536,Que Luz É Essa,284.0
2537,Diamante De Mendigo,
2538,Negócio É,
2539,"Muita Estrela, Pouca Constelação",
2540,Século XXI,73.0
2541,Rock Das Aranhas (Ao Vivo) (Live),179.0
2542,The Power Of Equality,284.0
2543,If You Have To Ask,390.0
2544,Breaking The Girl,
2545,Funky Monks,
2546,Suck My Kiss,74.0
2547,I Could Have Lied,179.0
2548,Mellowship Slinky In B Major,284.0
2549,The Righteous & The Wicked,
2550,Give It Away,
2551,Blood Sugar Sex Magik,
2552,Under The Bridge,74.0
2553,Under The Bridge,390.0
2554,Naked In The Rain,179.0
2555,Apache Rose Peacock,
2556,The Greeting Song,
2557,My Lovely Man,
2558,Sir Psycho Sexy,285.0
2559,They're Red Hot,74.0
2560,By The Way,179.0
2561,Universally Speaking,
2562,This Is The Place,390.0
2563,Dosed,
2564,Don't Forget Me,
2565,The Zephyr Song,74.0
2566,Can't Stop,179.0
2567,I Could Die For You,285.0
2568,Midnight,
2569,Throw Away Your Television,
2570,Cabron,
2571,Tear,74.0
2572,Tear,390.0
2573,On Mercury,179.0
2574,Minor Thing,
2575,Warm Tape,
2576,Venice Queen,
2577,Around The World,285.0
2578,Parallel Universe,74.0
2579,Scar Tissue,
2580,Otherside,
2581,Get On Top,390.0
2582,Californication,180.0
2583,Easily,
2584,Porcelain,74.0
2585,Emit Remmus,
2586,I Like Dirt,285.0
2587,This Velvet Glove,
2588,Savior,
2589,Purple Stain,
2590,Right On Time,74.0
2591,Right On Time,390.0
2592,Road Trippin',180.0
2593,The Spirit Of Radio,
2594,The Trees,
2595,Something For Nothing,
2596,Freewill,285.0
2597,Xanadu,74.0
2598,Bastille Day,
2599,By-Tor And The Snow Dog,
2600,Anthem,390.0
2601,Closer To The Heart,180.0
2602,2112 Overture,
2603,The Temples Of Syrinx,
2604,La Villa Strangiato,
2605,Fly By Night,285.0
2606,Finding My Way,75.0
2607,Jingo,
2608,El Corazon Manda,
2609,La Puesta Del Sol,390.0
2610,Persuasion,180.0
2611,As The Years Go by,
2612,Soul Sacrifice,
2613,Fried Neckbones And Home Fries,
2614,Santana Jam,285.0
2615,Evil Ways,75.0
2616,We've Got To Get Together/Jingo,
2617,Rock Me,
2618,Just Ain't Good Enough,390.0
2619,Funky Piano,180.0
2620,The Way You Do To Mer,
2621,Holding Back The Years,
2622,Money's Too Tight To Mention,
2623,The Right Thing,285.0
2624,It's Only Love,75.0
2625,A New Flame,
2626,You've Got It,
2627,If You Don't Know Me By Now,390.0
2628,Stars,180.0
2629,Something Got Me Started,
2630,Thrill Me,
2631,Your Mirror,
2632,For Your Babies,285.0
2633,So Beautiful,75.0
2634,Angel,
2635,Fairground,
2636,Água E Fogo,390.0
2637,Três Lados,180.0
2638,Ela Desapareceu,
2639,Balada Do Amor Inabalável,
2640,Canção Noturna,
2641,Muçulmano,285.0
2642,Maquinarama,75.0
2643,Rebelião,
2644,A Última Guerra,
2645,Fica,390.0
2646,Ali,180.0
2647,Preto Damião,
2648,É Uma Partida De Futebol,
2649,Eu Disse A Ela,
2650,Zé Trindade,285.0
2651,Garota Nacional,75.0
2652,Tão Seu,
2653,Sem Terra,
2654,Os Exilados,390.0
2655,Um Dia Qualquer,180.0
2656,Los Pretos,
2657,Sul Da América,
2658,Poconé,
2659,Lucky 13,285.0
2660,Aeroplane Flies High,75.0
2661,Because You Are,
2662,Slow Dawn,
2663,Believe,
2664,My Mistake,180.0
2665,Marquis In Spades,
2666,Here's To The Atom Bomb,
2667,Sparrow,
2668,Waiting,285.0
2669,Waiting,391.0
2670,Saturnine,75.0
2671,Saturnine,392.0
2672,Rock On,392.0
2673,Set The Ray To Jerry,
2674,Winterlong,393.0
2675,Soot & Stars,180.0
2676,Blissed & Gone,393.0
2677,Siva,
2678,Rhinocerous,394.0
2679,Drown,285.0
2680,Cherub Rock,75.0
2681,Cherub Rock,394.0
2682,Today,
2683,Disarm,394.0
2684,Landslide,
2685,Bullet With Butterfly Wings,180.0
2686,Bullet With Butterfly Wings,394.0
2687,1979,
2688,Zero,
2689,"Tonight, Tonight",
2690,Eye,395.0
2691,Ava Adore,75.0
2692,Perfect,
2693,The Everlasting Gaze,
2694,Stand Inside Your Love,395.0
2695,Real Love,180.0
2696,Real Love,286.0
2697,[Untitled],287.0
2698,Nothing To Say,287.0
2699,Flower,395.0
2700,Loud Love,288.0
2701,Hands All Over,75.0
2702,Get On The Snake,288.0
2703,Jesus Christ Pose,395.0
2704,Outshined,289.0
2705,Rusty Cage,180.0
2706,Spoonman,289.0
2707,The Day I Tried To Live,395.0
2708,Black Hole Sun,289.0
2709,Fell On Black Days,
2710,Pretty Noose,75.0
2711,Pretty Noose,289.0
2712,Burden In My Hand,395.0
2713,Blow Up The Outside World,
2714,Ty Cobb,
2715,Bleed Together,290.0
2716,Morning Dance,
2717,Jubilee,
2718,Rasul,396.0
2719,Song For Lorraine,290.0
2720,Starburst,75.0
2721,Starburst,181.0
2722,Heliopolis,182.0
2723,It Doesn't Matter,182.0
2724,Little Linda,290.0
2725,End Of Romanticism,183.0
2726,End Of Romanticism,396.0
2727,The House Is Rockin',
2728,Crossfire,183.0
2729,Tightrope,290.0
2730,Let Me Love You Baby,184.0
2731,Leave My Girl Alone,75.0
2732,Travis Walk,184.0
2733,Travis Walk,396.0
2734,Wall Of Denial,290.0
2735,Scratch-N-Sniff,184.0
2736,Love Me Darlin',
2737,Riviera Paradise,184.0
2738,Dead And Bloated,290.0
2739,Sex Type Thing,396.0
2740,Wicked Garden,
2741,No Memory,185.0
2742,Sin,
2743,Naked Sunday,
2744,Creep,291.0
2745,Piece Of Pie,185.0
2746,Piece Of Pie,396.0
2747,Plush,76.0
2748,Wet My Bed,77.0
2749,Crackerman,77.0
2750,Where The River Goes,185.0
2751,Soldier Side - Intro,78.0
2752,Soldier Side - Intro,291.0
2753,B.Y.O.B.,396.0
2754,Revenga,78.0
2755,Cigaro,185.0
2756,Radio/Video,79.0
2757,This Cocaine Makes Me Feel Like I'm On This Song,
2758,Violent Pornography,79.0
2759,Violent Pornography,291.0
2760,Question!,185.0
2761,Question!,396.0
2762,Sad Statue,79.0
2763,Old School Hollywood,
2764,Lost in Hollywood,79.0
2765,The Sun Road,185.0
2766,Dark Corners,291.0
2767,Duende,396.0
2768,Black Light Syndrome,80.0
2769,Falling in Circles,
2770,Book of Hours,
2771,Chaos-Control,186.0
2772,Midnight From The Inside Out,80.0
2773,Midnight From The Inside Out,291.0
2774,Sting Me,396.0
2775,Thick & Thin,
2776,Greasy Grass River,
2777,Sometimes Salvation,80.0
2778,Cursed Diamonds,186.0
2779,Miracle To Me,291.0
2780,Wiser Time,
2781,Girl From A Pawnshop,80.0
2782,Cosmic Fiend,
2783,Black Moon Creeping,397.0
2784,High Head Blues,186.0
2785,Title Song,80.0
2786,Title Song,291.0
2787,She Talks To Angels,
2788,Twice As Hard,
2789,Lickin',
2790,Soul Singing,80.0
2791,Hard To Handle,186.0
2792,Remedy,291.0
2793,White Riot,397.0
2794,Remote Control,
2795,Complete Control,
2796,Clash City Rockers,81.0
2797,(White Man) In Hammersmith Palais,186.0
2798,Tommy Gun,291.0
2799,English Civil War,
2800,I Fought The Law,
2801,London Calling,
2802,Train In Vain,81.0
2803,Train In Vain,397.0
2804,Bankrobber,186.0
2805,The Call Up,
2806,Hitsville UK,
2807,The Magnificent Seven,
2808,This Is Radio Clash,292.0
2809,Know Your Rights,81.0
2810,Rock The Casbah,186.0
2811,Should I Stay Or Should I Go,
2812,War (The Process),397.0
2813,The Saint,
2814,Rise,
2815,Take The Power,81.0
2816,Breathe,186.0
2817,Nico,292.0
2818,American Gothic,
2819,Ashes And Ghosts,
2820,Shape The Sky,
2821,Speed Of Light,81.0
2822,Speed Of Light,397.0
2823,True Believers,186.0
2824,My Bridges Burn,
2825,She Sells Sanctuary,
2826,Fire Woman,
2827,Lil' Evil,292.0
2828,Spirit Walker,81.0
2829,The Witch,
2830,Revolution,
2831,Wild Hearted Son,397.0
2832,Love Removal Machine,187.0
2833,Rain,
2834,Edie (Ciao Baby),81.0
2835,Heart Of Soul,
2836,Love,292.0
2837,Wild Flower,
2838,Go West,
2839,Resurrection Joe,
2840,Sun King,81.0
2841,Sun King,397.0
2842,Sweet Soul Sister,187.0
2843,Earth Mofo,
2844,Break on Through,
2845,Soul Kitchen,
2846,The Crystal Ship,292.0
2847,Twentienth Century Fox,81.0
2848,Alabama Song,
2849,Light My Fire,
2850,Back Door Man,397.0
2851,I Looked At You,187.0
2852,End Of The Night,
2853,Take It As It Comes,
2854,The End,
2855,Roxanne,292.0
2856,Can't Stand Losing You,82.0
2857,Message in a Bottle,
2858,Walking on the Moon,
2859,Don't Stand so Close to Me,397.0
2860,"De Do Do Do, De Da Da Da",187.0
2861,Every Little Thing She Does is Magic,
2862,Invisible Sun,
2863,Spirit's in the Material World,
2864,Every Breath You Take,292.0
2865,King Of Pain,82.0
2866,Wrapped Around Your Finger,
2867,Don't Stand So Close to Me '86,
2868,Message in a Bottle (new classic rock mix),397.0
2869,Time Is On My Side,187.0
2870,Heart Of Stone,
2871,Play With Fire,
2872,Satisfaction,
2873,As Tears Go By,292.0
2874,Get Off Of My Cloud,82.0
2875,Mother's Little Helper,
2876,19th Nervous Breakdown,
2877,Paint It Black,397.0
2878,Under My Thumb,187.0
2879,Ruby Tuesday,
2880,Let's Spend The Night Together,
2881,Intro,
2882,You Got Me Rocking,292.0
2883,Gimmie Shelters,82.0
2884,Flip The Switch,
2885,Memory Motel,
2886,Corinna,397.0
2887,Saint Of Me,187.0
2888,Wainting On A Friend,
2889,Sister Morphine,
2890,Live With Me,
2891,Respectable,292.0
2892,Thief In The Night,82.0
2893,The Last Time,
2894,Out Of Control,
2895,Love Is Strong,397.0
2896,You Got Me Rocking,187.0
2897,Sparks Will Fly,
2898,The Worst,
2899,New Faces,
2900,Moon Is Up,292.0
2901,Out Of Tears,82.0
2902,I Go Wild,
2903,Brand New Car,
2904,Sweethearts Together,397.0
2905,Suck On The Jugular,187.0
2906,Blinded By Rainbows,
2907,Baby Break It Down,
2908,Thru And Thru,
2909,Mean Disposition,292.0
2910,Walking Wounded,82.0
2911,Temptation,
2912,The Messenger,
2913,Psychopomp,
2914,Sister Awake,187.0
2915,The Bazaar,
2916,Save Me (Remix),
2917,Fire In The Head,
2918,Release,292.0
2919,Release,398.0
2920,Heaven Coming Down,82.0
2921,Heaven Coming Down,399.0
2922,The River (Remix),399.0
2923,Babylon,
2924,Waiting On A Sign,400.0
2925,Life Line,187.0
2926,Paint It Black,400.0
2927,Temptation,
2928,Army Ants,401.0
2929,Psychopomp,292.0
2930,Gyroscope,82.0
2931,Gyroscope,401.0
2932,Alarum,
2933,Release,401.0
2934,Transmission,
2935,Babylon,187.0
2936,Babylon,401.0
2937,Pulse,
2938,Emerald,
2939,Aftermath,
2940,I Can't Explain,402.0
2941,"Anyway, Anyhow, Anywhere",82.0
2942,My Generation,
2943,Substitute,
2944,I'm A Boy,402.0
2945,Boris The Spider,187.0
2946,Boris The Spider,293.0
2947,Happy Jack,294.0
2948,Pictures Of Lily,294.0
2949,I Can See For Miles,402.0
2950,Magic Bus,295.0
2951,Pinball Wizard,82.0
2952,The Seeker,295.0
2953,Baba O'Riley,402.0
2954,Won't Get Fooled Again (Full Length Version),296.0
2955,Let's See Action,187.0
2956,5.15,296.0
2957,Join Together,402.0
2958,Squeeze Box,296.0
2959,Who Are You (Single Edit Version),
2960,You Better You Bet,82.0
2961,You Better You Bet,296.0
2962,Primavera,402.0
2963,Chocolate,
2964,Azul Da Cor Do Mar,
2965,O Descobridor Dos Sete Mares,297.0
2966,Até Que Enfim Encontrei Você,
2967,Coroné Antonio Bento,
2968,New Love,403.0
2969,Não Vou Ficar,297.0
2970,Música No Ar,82.0
2971,Música No Ar,188.0
2972,Salve Nossa Senhora,189.0
2973,Você Fugiu,189.0
2974,Cristina Nº 2,297.0
2975,Compadre,190.0
2976,Compadre,403.0
2977,Over Again,
2978,Réu Confesso,190.0
2979,O Que Me Importa,297.0
2980,Gostava Tanto De Você,191.0
2981,Você,82.0
2982,Não Quero Dinheiro,191.0
2983,Não Quero Dinheiro,403.0
2984,Eu Amo Você,297.0
2985,A Festa Do Santo Reis,191.0
2986,I Don't Know What To Do With Myself,
2987,Padre Cícero,191.0
2988,Nosso Adeus,297.0
2989,Canário Do Reino,403.0
2990,Preciso Ser Amado,
2991,Balanço,192.0
2992,Preciso Aprender A Ser Só,
2993,Esta É A Canção,
2994,Formigueiro,298.0
2995,Comida,192.0
2996,Comida,403.0
2997,Go Back,83.0
2998,Prá Dizer Adeus,84.0
2999,Família,84.0
3000,Os Cegos Do Castelo,192.0
3001,O Pulso,85.0
3002,O Pulso,298.0
3003,Marvin,403.0
3004,Nem 5 Minutos Guardados,85.0
3005,Flores,192.0
3006,Palavras,86.0
3007,Hereditário,
3008,A Melhor Forma,86.0
3009,A Melhor Forma,298.0
3010,Cabeça Dinossauro,192.0
3011,Cabeça Dinossauro,403.0
3012,32 Dentes,86.0
3013,Bichos Escrotos (Vinheta),
3014,Não Vou Lutar,86.0
3015,Homem Primata (Vinheta),192.0
3016,Homem Primata,298.0
3017,Polícia (Vinheta),403.0
3018,Querem Meu Sangue,87.0
3019,Diversão,
3020,Televisão,
3021,Sonifera Ilha,193.0
3022,Lugar Nenhum,87.0
3023,Lugar Nenhum,298.0
3024,Sua Impossivel Chance,403.0
3025,Desordem,
3026,Não Vou Me Adaptar,
3027,Domingo,87.0
3028,Amanhã Não Se Sabe,193.0
3029,Caras Como Eu,298.0
3030,Senhora E Senhor,
3031,Era Uma Vez,87.0
3032,Miséria,
3033,Insensível,404.0
3034,Eu E Ela,193.0
3035,Toda Cor,87.0
3036,Toda Cor,298.0
3037,É Preciso Saber Viver,
3038,Senhor Delegado/Eu Não Aguento,
3039,Battlestar Galactica: The Story So Far,
3040,Occupation / Precipice,87.0
3041,"Exodus, Pt. 1",193.0
3042,"Exodus, Pt. 2",298.0
3043,Collaborators,404.0
3044,Torn,
3045,A Measure of Salvation,
3046,Hero,88.0
3047,Unfinished Business,193.0
3048,The Passage,298.0
3049,The Eye of Jupiter,
3050,Rapture,
3051,Taking a Break from All Your Worries,
3052,The Woman King,88.0
3053,The Woman King,404.0
3054,A Day In the Life,193.0
3055,Dirty Hands,
3056,Maelstrom,
3057,The Son Also Rises,
3058,"Crossroads, Pt. 1",299.0
3059,"Crossroads, Pt. 2",88.0
3060,Genesis,193.0
3061,Don't Look Back,
3062,One Giant Leap,404.0
3063,Collision,
3064,Hiros,
3065,Better Halves,88.0
3066,Nothing to Hide,193.0
3067,Seven Minutes to Midnight,299.0
3068,Homecoming,
3069,Six Months Ago,
3070,Fallout,
3071,The Fix,88.0
3072,The Fix,404.0
3073,Distractions,193.0
3074,Run!,
3075,Unexpected,
3076,Company Man,
3077,Company Man,299.0
3078,Parasite,88.0
3079,A Tale of Two Cities,
3080,"Lost (Pilot, Part 1) [Premiere]",
3081,"Man of Science, Man of Faith (Premiere)",404.0
3082,Adrift,194.0
3083,"Lost (Pilot, Part 2)",
3084,The Glass Ballerina,88.0
3085,Further Instructions,
3086,Orientation,299.0
3087,Tabula Rasa,
3088,Every Man for Himself,
3089,Everybody Hates Hugo,
3090,Walkabout,88.0
3091,Walkabout,404.0
3092,...And Found,194.0
3093,The Cost of Living,
3094,White Rabbit,
3095,Abandoned,
3096,House of the Rising Sun,299.0
3097,I Do,88.0
3098,Not In Portland,
3099,Not In Portland,
3100,The Moth,404.0
3101,The Other 48 Days,194.0
3102,Collision,
3103,Confidence Man,
3104,Flashes Before Your Eyes,
3105,Lost Survival Guide,299.0
3106,Solitary,89.0
3107,What Kate Did,
3108,Raised By Another,
3109,Stranger In a Strange Land,404.0
3110,The 23rd Psalm,194.0
3111,All the Best Cowboys Have Daddy Issues,
3112,The Hunting Party,
3113,Tricia Tanaka Is Dead,
3114,Enter 77,299.0
3115,Fire + Water,89.0
3116,Whatever the Case May Be,
3117,Hearts and Minds,
3118,Par Avion,404.0
3119,The Long Con,194.0
3120,One of Them,
3121,Special,
3122,The Man from Tallahassee,
3123,Exposé,299.0
3124,Homecoming,89.0
3125,Maternity Leave,
3126,Left Behind,
3127,Outlaws,404.0
3128,The Whole Truth,194.0
3129,...In Translation,
3130,Lockdown,
3131,One of Us,
3132,Catch-22,299.0
3133,Dave,89.0
3134,Numbers,
3135,D.O.C.,
3136,Deus Ex Machina,404.0
3137,S.O.S.,194.0
3138,Do No Harm,
3139,Two for the Road,
3140,The Greater Good,
3141,"""?""",299.0
3142,Born to Run,89.0
3143,Three Minutes,
3144,Exodus (Part 1),
3145,"Live Together, Die Alone, Pt. 1",404.0
3146,Exodus (Part 2) [Season Finale],194.0
3147,"Live Together, Die Alone, Pt. 2",
3148,Exodus (Part 3) [Season Finale],
3149,Zoo Station,
3150,Even Better Than The Real Thing,299.0
3151,One,89.0
3152,Until The End Of The World,
3153,Who's Gonna Ride Your Wild Horses,
3154,So Cruel,404.0
3155,The Fly,194.0
3156,Mysterious Ways,
3157,Tryin' To Throw Your Arms Around The World,
3158,Ultraviolet (Light My Way),
3159,Acrobat,299.0
3160,Love Is Blindness,89.0
3161,Beautiful Day,
3162,Stuck In A Moment You Can't Get Out Of,
3163,Elevation,
3164,Walk On,194.0
3165,Kite,
3166,In A Little While,
3167,Wild Honey,
3168,Peace On Earth,299.0
3169,Peace On Earth,405.0
3170,When I Look At The World,89.0
3171,When I Look At The World,406.0
3172,New York,406.0
3173,Grace,
3174,The Three Sunrises,407.0
3175,Spanish Eyes,194.0
3176,Sweetest Thing,407.0
3177,Love Comes Tumbling,
3178,Bass Trap,408.0
3179,Dancing Barefoot,299.0
3180,Everlasting Love,89.0
3181,Everlasting Love,408.0
3182,Unchained Melody,
3183,Walk To The Water,408.0
3184,Luminous Times (Hold On To Love),
3185,Hallelujah Here She Comes,194.0
3186,Hallelujah Here She Comes,408.0
3187,Silver And Gold,
3188,Endless Deep,
3189,A Room At The Heartbreak Hotel,
3190,"Trash, Trampoline And The Party Girl",409.0
3191,Vertigo,89.0
3192,Miracle Drug,
3193,Sometimes You Can't Make It On Your Own,
3194,Love And Peace Or Else,409.0
3195,City Of Blinding Lights,194.0
3196,City Of Blinding Lights,300.0
3197,All Because Of You,301.0
3198,A Man And A Woman,301.0
3199,Crumbs From Your Table,409.0
3200,One Step Closer,302.0
3201,Original Of The Species,89.0
3202,Yahweh,302.0
3203,Discotheque,409.0
3204,Do You Feel Loved,303.0
3205,Mofo,194.0
3206,If God Will Send His Angels,303.0
3207,Staring At The Sun,409.0
3208,Last Night On Earth,303.0
3209,Gone,
3210,Miami,89.0
3211,Miami,303.0
3212,The Playboy Mansion,409.0
3213,If You Wear That Velvet Dress,
3214,Please,
3215,Wake Up Dead Man,304.0
3216,Helter Skelter,
3217,Van Diemen's Land,
3218,Desire,410.0
3219,Hawkmoon 269,304.0
3220,All Along The Watchtower,89.0
3221,All Along The Watchtower,195.0
3222,I Still Haven't Found What I'm Looking for,196.0
3223,Freedom For My People,196.0
3224,Silver And Gold,304.0
3225,Pride (In The Name Of Love),197.0
3226,Pride (In The Name Of Love),410.0
3227,Angel Of Harlem,
3228,Love Rescue Me,197.0
3229,When Love Comes To Town,304.0
3230,Heartland,198.0
3231,God Part II,89.0
3232,The Star Spangled Banner,198.0
3233,The Star Spangled Banner,410.0
3234,Bullet The Blue Sky,304.0
3235,All I Want Is You,198.0
3236,Pride (In The Name Of Love),
3237,New Year's Day,198.0
3238,With Or Without You,304.0
3239,I Still Haven't Found What I'm Looking For,410.0
3240,Sunday Bloody Sunday,
3241,Bad,199.0
3242,Where The Streets Have No Name,
3243,I Will Follow,
3244,The Unforgettable Fire,305.0
3245,Sweetest Thing,199.0
3246,Sweetest Thing,410.0
3247,Desire,90.0
3248,When Love Comes To Town,91.0
3249,Angel Of Harlem,91.0
3250,All I Want Is You,199.0
3251,Sunday Bloody Sunday,92.0
3252,Sunday Bloody Sunday,305.0
3253,Seconds,410.0
3254,New Year's Day,92.0
3255,Like A Song...,199.0
3256,Drowning Man,93.0
3257,The Refugee,
3258,Two Hearts Beat As One,93.0
3259,Two Hearts Beat As One,305.0
3260,Red Light,199.0
3261,Red Light,410.0
3262,Surrender,93.0
3263,"""40""",
3264,Zooropa,93.0
3265,Babyface,199.0
3266,Numb,305.0
3267,Lemon,410.0
3268,"Stay (Faraway, So Close!)",94.0
3269,Daddy's Gonna Pay For Your Crashed Car,
3270,Some Days Are Better Than Others,
3271,The First Time,200.0
3272,Dirty Day,94.0
3273,Dirty Day,305.0
3274,The Wanderer,410.0
3275,Breakfast In Bed,
3276,Where Did I Go Wrong,
3277,I Would Do For You,94.0
3278,Homely Girl,200.0
3279,Here I Am (Come And Take Me),305.0
3280,Kingston Town,
3281,Wear You To The Ball,94.0
3282,(I Can't Help) Falling In Love With You,
3283,Higher Ground,411.0
3284,Bring Me Your Cup,200.0
3285,C'est La Vie,94.0
3286,C'est La Vie,305.0
3287,Reggae Music,
3288,Superstition,
3289,Until My Dying Day,
3290,Where Have All The Good Times Gone?,94.0
3291,Hang 'Em High,200.0
3292,Cathedral,305.0
3293,Secrets,411.0
3294,Intruder,
3295,(Oh) Pretty Woman,
3296,Dancing In The Street,95.0
3297,Little Guitars (Intro),200.0
3298,Little Guitars,305.0
3299,Big Bad Bill (Is Sweet William Now),
3300,The Full Bug,
3301,Happy Trails,
3302,Eruption,95.0
3303,Eruption,411.0
3304,Ain't Talkin' 'bout Love,200.0
3305,Runnin' With The Devil,
3306,Dance the Night Away,
3307,And the Cradle Will Rock...,
3308,Unchained,306.0
3309,Jump,95.0
3310,Panama,200.0
3311,Why Can't This Be Love,
3312,Dreams,411.0
3313,When It's Love,
3314,Poundcake,
3315,Right Now,95.0
3316,Can't Stop Loving You,200.0
3317,Humans Being,306.0
3318,Can't Get This Stuff No More,
3319,Me Wise Magic,
3320,Runnin' With The Devil,
3321,Eruption,95.0
3322,Eruption,411.0
3323,You Really Got Me,200.0
3324,Ain't Talkin' 'Bout Love,
3325,I'm The One,
3326,Jamie's Cryin',
3327,Atomic Punk,306.0
3328,Feel Your Love Tonight,95.0
3329,Little Dreamer,
3330,Ice Cream Man,
3331,On Fire,411.0
3332,Neworld,201.0
3333,Without You,
3334,One I Want,95.0
3335,From Afar,
3336,Dirty Water Dog,306.0
3337,Once,
3338,Fire in the Hole,
3339,Josephina,
3340,Year to the Day,95.0
3341,Year to the Day,411.0
3342,Primary,201.0
3343,Ballot or the Bullet,
3344,How Many Say I,
3345,Sucker Train Blues,
3346,Do It For The Kids,306.0
3347,Big Machine,95.0
3348,Illegal I Song,
3349,Spectacle,
3350,Fall To Pieces,411.0
3351,Headspace,201.0
3352,Superhuman,
3353,Set Me Free,
3354,You Got No Right,
3355,Slither,306.0
3356,Dirty Little Thing,96.0
3357,Loving The Alien,
3358,Pela Luz Dos Olhos Teus,
3359,A Bencao E Outros,411.0
3360,Tudo Na Mais Santa Paz,201.0
3361,O Velho E Aflor,
3362,Cotidiano N 2,
3363,Adeus,
3364,Samba Pra Endrigo,306.0
3365,So Por Amor,96.0
3366,Meu Pranto Rolou,
3367,Mulher Carioca,
3368,Um Homem Chamado Alfredo,411.0
3369,Samba Do Jato,201.0
3370,"Oi, La",
3371,"Vinicius, Poeta Do Encontro",
3372,Soneto Da Separacao,
3373,Still Of The Night,306.0
3374,Here I Go Again,96.0
3375,Is This Love,
3376,Love Ain't No Stranger,
3377,Looking For Love,411.0
3378,Now You're Gone,201.0
3379,Slide It In,
3380,Slow An' Easy,
3381,Judgement Day,
3382,You're Gonna Break My Hart Again,306.0
3383,The Deeper The Love,96.0
3384,Crying In The Rain,
3385,Fool For Your Loving,
3386,Sweet Lady Luck,411.0
3387,Faixa Amarela,201.0
3388,Posso Até Me Apaixonar,
3389,Não Sou Mais Disso,
3390,Vivo Isolado Do Mundo,
3391,Coração Em Desalinho,306.0
3392,Seu Balancê,96.0
3393,Vai Adiar,
3394,Rugas,
3395,Feirinha da Pavuna/Luz do Repente/Bagaço da Laranja,411.0
3396,Sem Essa de Malandro Agulha,201.0
3397,Chico Não Vai na Corimba,
3398,Papel Principal,
3399,Saudade Louca,
3400,Camarão que Dorme e Onda Leva,306.0
3401,Sapopemba e Maxambomba,96.0
3402,Minha Fé,
3403,Lua de Ogum,
3404,Samba pras moças,411.0
3405,Verdade,201.0
3406,The Brig,
3407,.07%,
3408,Five Years Gone,
3409,The Hard Part,306.0
3410,The Man Behind the Curtain,96.0
3411,Greatest Hits,
3412,Landslide,
3413,The Office: An American Workplace (Pilot),
3414,Diversity Day,201.0
3415,Health Care,
3416,The Alliance,
3417,Basketball,
3418,Hot Girl,306.0
3419,Hot Girl,412.0
3420,The Dundies,96.0
3421,Sexual Harassment,
3422,Office Olympics,
3423,The Fire,
3424,Halloween,201.0
3425,The Fight,
3426,The Client,
3427,Performance Review,
3428,Email Surveillance,306.0
3429,Christmas Party,96.0
3430,Booze Cruise,
3431,The Injury,
3432,The Secret,
3433,The Carpet,201.0
3434,Boys and Girls,
3435,Valentine's Day,
3436,Dwight's Speech,
3437,Take Your Daughter to Work Day,
3438,Michael's Birthday,96.0
3439,Drug Testing,
3440,Conflict Resolution,
3441,Casino Night - Season Finale,
3442,Gay Witch Hunt,201.0
3443,Gay Witch Hunt,307.0
3444,The Convention,308.0
3445,The Coup,308.0
3446,Grief Counseling,
3447,The Initiation,309.0
3448,Diwali,96.0
3449,Branch Closing,309.0
3450,The Merger,
3451,The Convict,310.0
3452,"A Benihana Christmas, Pts. 1 & 2",201.0
3453,Back from Vacation,310.0
3454,Traveling Salesmen,
3455,Producer's Cut: The Return,310.0
3456,Ben Franklin,
3457,Phyllis's Wedding,96.0
3458,Phyllis's Wedding,310.0
3459,Business School,
3460,Cocktails,
3461,The Negotiation,
3462,Safety Training,311.0
3463,Product Recall,
3464,Women's Appreciation,
3465,Beach Games,
3466,The Job,311.0
3467,How to Stop an Exploding Man,96.0
3468,How to Stop an Exploding Man,202.0
3469,Through a Looking Glass,203.0
3470,Your Time Is Gonna Come,203.0
3471,"Battlestar Galactica, Pt. 1",311.0
3472,"Battlestar Galactica, Pt. 2",204.0
3473,"Battlestar Galactica, Pt. 3",
3474,"Lost Planet of the Gods, Pt. 1",204.0
3475,"Lost Planet of the Gods, Pt. 2",311.0
3476,The Lost Warrior,205.0
3477,The Long Patrol,96.0
3478,"The Gun On Ice Planet Zero, Pt. 1",205.0
3479,"The Gun On Ice Planet Zero, Pt. 2",311.0
3480,The Magnificent Warriors,205.0
3481,The Young Lords,
3482,"The Living Legend, Pt. 1",205.0
3483,"The Living Legend, Pt. 2",311.0
3484,Fire In Space,
3485,"War of the Gods, Pt. 1",
3486,"War of the Gods, Pt. 2",206.0
3487,The Man With Nine Lives,
3488,Murder On the Rising Star,
3489,"Greetings from Earth, Pt. 1",312.0
3490,"Greetings from Earth, Pt. 2",206.0
3491,Baltar's Escape,97.0
3492,Experiment In Terra,98.0
3493,Take the Celestra,98.0
3494,The Hand of God,206.0
3495,Pilot,99.0
3496,Pilot,312.0
3497,"Through the Looking Glass, Pt. 2",
3498,"Through the Looking Glass, Pt. 1",99.0
3499,Instant Karma,206.0
3500,#9 Dream,100.0
3501,Mother,
3502,Give Peace a Chance,100.0
3503,Give Peace a Chance,312.0
3504,Cold Turkey,206.0
3505,Whatever Gets You Thru the Night,100.0
3506,I'm Losing You,
3507,Gimme Some Truth,100.0
3508,"Oh, My Love",206.0
3509,Imagine,312.0
3510,Nobody Told Me,
3511,Jealous Guy,101.0
3512,Working Class Hero,
3513,Power to the People,
3514,Imagine,207.0
3515,Beautiful Boy,101.0
3516,Beautiful Boy,312.0
3517,Isolation,
3518,Watching the Wheels,
3519,Grow Old With Me,
3520,Gimme Some Truth,101.0
3521,[Just Like] Starting Over,207.0
3522,God,312.0
3523,Real Love,
3524,Sympton of the Universe,101.0
3525,Snowblind,
3526,Black Sabbath,
3527,Fairies Wear Boots,207.0
3528,War Pigs,101.0
3529,War Pigs,312.0
3530,The Wizard,
3531,N.I.B.,
3532,Sweet Leaf,
3533,Never Say Die,101.0
3534,"Sabbath, Bloody Sabbath",207.0
3535,Iron Man/Children of the Grave,312.0
3536,Paranoid,
3537,Rock You Like a Hurricane,
3538,No One Like You,
3539,The Zoo,102.0
3540,Loving You Sunday Morning,207.0
3541,Still Loving You,312.0
3542,Big City Nights,
3543,Believe in Love,
3544,Rhythm of Love,
3545,I Can't Explain,102.0
3546,Tease Me Please Me,207.0
3547,Wind of Change,
3548,Send Me an Angel,
3549,Jump Around,
3550,Salutations,313.0
3551,Put Your Head Out,102.0
3552,Top O' The Morning To Ya,207.0
3553,Commercial 1,
3554,House And The Rising Sun,
3555,Shamrocks And Shenanigans,
3556,House Of Pain Anthem,
3557,"Danny Boy, Danny Boy",102.0
3558,Guess Who's Back,207.0
3559,Commercial 2,313.0
3560,Put On Your Shit Kickers,
3561,Come And Get Some Of This,
3562,Life Goes On,
3563,One For The Road,102.0
3564,Feel It,207.0
3565,All My Love,
3566,Jump Around (Pete Rock Remix),
3567,Shamrocks And Shenanigans (Boom Shalock Lock Boom/Butch Vig Mix),
3568,Instinto Colectivo,313.0
3569,Chapa o Coco,102.0
3570,Prostituta,
3571,Eu So Queria Sumir,
3572,Tres Reis,
3573,Um Lugar ao Sol,208.0
3574,Batalha Naval,
3575,Todo o Carnaval tem seu Fim,102.0
3576,O Misterio do Samba,
3577,Armadura,313.0
3578,Na Ladeira,
3579,Carimbo,
3580,Catimbo,
3581,Funk de Bamba,102.0
3582,Chega no Suingue,208.0
3583,Mun-Ra,
3584,Freestyle Love,
3585,War Pigs,
3586,"Past, Present, and Future",313.0
3587,The Beginning of the End,102.0
3588,LOST Season 4 Trailer,
3589,LOST In 8:15,
3590,Confirmed Dead,
3591,The Economist,208.0
3592,Eggtown,
3593,The Constant,
3594,The Other Woman,
3595,Ji Yeon,313.0
3596,Meet Kevin Johnson,103.0
3597,The Shape of Things to Come,
3598,Amanda,
3599,Despertar,
3600,Din Din Wo (Little Child),208.0
3601,Distance,
3602,I Guess You're Right,
3603,I Ka Barra (Your Work),
3604,Love Comes,313.0
3605,Muita Bobeira,103.0
3606,OAM's Blues,
3607,One Step Beyond,
3608,"Symphony No. 3 in E-flat major, Op. 55, ""Eroica"" - Scherzo: Allegro Vivace",
3609,Something Nice Back Home,208.0
3610,Cabin Fever,
3611,"There's No Place Like Home, Pt. 1",
3612,"There's No Place Like Home, Pt. 2",
3613,"There's No Place Like Home, Pt. 3",313.0
3614,Say Hello 2 Heaven,103.0
3615,Reach Down,
3616,Hunger Strike,
3617,Pushin Forward Back,
3618,Call Me a Dog,208.0
3619,Times of Trouble,
3620,Wooden Jesus,
3621,Your Savior,
3622,Four Walled World,313.0
3623,All Night Thing,103.0
3624,No Such Thing,
3625,Poison Eye,
3626,Arms Around Your Love,
3627,Safe and Sound,208.0
3628,She'll Never Be Your Man,
3629,Ghosts,
3630,Killing Birds,
3631,Billie Jean,313.0
3632,Scar On the Sky,103.0
3633,Your Soul Today,
3634,Finally Forever,
3635,Silence the Voices,
3636,Disappearing Act,208.0
3637,You Know My Name,
3638,Revelations,
3639,One and the Same,
3640,Sound of a Gun,313.0
3641,Until We Fall,103.0
3642,Original Fire,
3643,Broken City,
3644,Somedays,
3645,Shape of Things to Come,208.0
3646,Jewel of the Summertime,
3647,Wide Awake,
3648,Nothing Left to Say But Goodbye,
3649,Moth,313.0
3650,Show Me How to Live (Live at the Quart Festival),103.0
3651,"Band Members Discuss Tracks from ""Revelations""",
3652,Intoitus: Adorate Deum,
3653,"Miserere mei, Deus",
3654,Canon and Gigue in D Major: I. Canon,208.0
3655,"Concerto No. 1 in E Major, RV 269 ""Spring"": I. Allegro",
3656,"Concerto for 2 Violins in D Minor, BWV 1043: I. Vivace",
3657,"Aria Mit 30 Veränderungen, BWV 988 ""Goldberg Variations"": Aria",
3658,"Suite for Solo Cello No. 1 in G Major, BWV 1007: I. Prélude",313.0
3659,"The Messiah: Behold, I Tell You a Mystery... The Trumpet Shall Sound",103.0
3660,Solomon HWV 67: The Arrival of the Queen of Sheba,
3661,"""Eine Kleine Nachtmusik"" Serenade In G, K. 525: I. Allegro",
3662,"Concerto for Clarinet in A Major, K. 622: II. Adagio",
3663,"Symphony No. 104 in D Major ""London"": IV. Finale: Spiritoso",208.0
3664,Symphony No.5 in C Minor: I. Allegro con brio,
3665,Ave Maria,
3666,"Nabucco: Chorus, ""Va, Pensiero, Sull'ali Dorate""",
3667,Die Walküre: The Ride of the Valkyries,313.0
3668,"Requiem, Op.48: 4. Pie Jesu",103.0
3669,"The Nutcracker, Op. 71a, Act II: Scene 14: Pas de deux: Dance of the Prince & the Sugar-Plum Fairy",
3670,"Nimrod (Adagio) from Variations On an Original Theme, Op. 36 ""Enigma""",
3671,Madama Butterfly: Un Bel Dì Vedremo,
3672,"Jupiter, the Bringer of Jollity",208.0
3673,"Turandot, Act III, Nessun dorma!",
3674,"Adagio for Strings from the String Quartet, Op. 11",
3675,Carmina Burana: O Fortuna,
3676,Fanfare for the Common Man,
3677,Branch Closing,103.0
3678,The Return,
3679,"Toccata and Fugue in D Minor, BWV 565: I. Toccata",
3680,"Symphony No.1 in D Major, Op.25 ""Classical"", Allegro Con Brio",
3681,"Scheherazade, Op. 35: I. The Sea and Sindbad's Ship",208.0
3682,"Scheherazade, Op. 35: I. The Sea and Sindbad's Ship",314.0
3683,"Concerto No.2 in F Major, BWV1047, I. Allegro",315.0
3684,"Concerto for Piano No. 2 in F Minor, Op. 21: II. Larghetto",315.0
3685,Cavalleria Rusticana \ Act \ Intermezzo Sinfonico,
3686,"Karelia Suite, Op.11: 2. Ballade (Tempo Di Menuetto)",316.0
3687,"Piano Sonata No. 14 in C Sharp Minor, Op. 27, No. 2, ""Moonlight"": I. Adagio sostenuto",103.0
3688,Fantasia On Greensleeves,316.0
3689,"Das Lied Von Der Erde, Von Der Jugend",
3690,"Concerto for Cello and Orchestra in E minor, Op. 85: I. Adagio - Moderato",317.0
3691,Two Fanfares for Orchestra: II. Short Ride in a Fast Machine,208.0
3692,"Wellington's Victory or the Battle Symphony, Op.91: 2. Symphony of Triumph",317.0
3693,Missa Papae Marcelli: Kyrie,
3694,Romeo et Juliette: No. 11 - Danse des Chevaliers,317.0
3695,On the Beautiful Blue Danube,
3696,"Symphonie Fantastique, Op. 14: V. Songe d'une nuit du sabbat",103.0
3697,"Symphonie Fantastique, Op. 14: V. Songe d'une nuit du sabbat",317.0
3698,Carmen: Overture,
3699,"Lamentations of Jeremiah, First Set \ Incipit Lamentatio",
3700,"Music for the Royal Fireworks, HWV351 (1749): La Réjouissance",
3701,"Peer Gynt Suite No.1, Op.46: 1. Morning Mood",318.0
3702,"Die Zauberflöte, K.620: ""Der Hölle Rache Kocht in Meinem Herze""",
3703,"SCRIABIN: Prelude in B Major, Op. 11, No. 11",
3704,"Pavan, Lachrimae Antiquae",
3705,"Symphony No. 41 in C Major, K. 551, ""Jupiter"": IV. Molto allegro",318.0
3706,Rehab,103.0
3707,Rehab,209.0
3708,You Know I'm No Good,210.0
3709,Me & Mr. Jones,210.0
3710,Just Friends,318.0
3711,Back to Black,211.0
3712,Love Is a Losing Game,
3713,Tears Dry On Their Own,211.0
3714,Wake Up Alone,318.0
3715,Some Unholy War,212.0
3716,He Can Only Hold Her,103.0
3717,You Know I'm No Good (feat. Ghostface Killah),212.0
3718,Rehab (Hot Chip Remix),318.0
3719,Intro / Stronger Than Me,212.0
3720,You Sent Me Flying / Cherry,
3721,F**k Me Pumps,212.0
3722,I Heard Love Is Blind,318.0
3723,(There Is) No Greater Love (Teo Licks),
3724,In My Bed,
3725,Take the Box,213.0
3726,October Song,
3727,What Is It About Men,
3728,Help Yourself,319.0
3729,Amy Amy Amy (Outro),213.0
3730,Slowness,104.0
3731,"Prometheus Overture, Op. 43",105.0
3732,Sonata for Solo Violin: IV: Presto,105.0
3733,"A Midsummer Night's Dream, Op.61 Incidental Music: No.7 Notturno",213.0
3734,"Suite No. 3 in D, BWV 1068: III. Gavotte I & II",106.0
3735,"Suite No. 3 in D, BWV 1068: III. Gavotte I & II",319.0
3736,"Concert pour 4 Parties de V**les, H. 545: I. Prelude",
3737,Adios nonino,106.0
3738,"Symphony No. 3 Op. 36 for Orchestra and Soprano ""Symfonia Piesni Zalosnych"" \ Lento E Largo - Tranquillissimo",213.0
3739,"Act IV, Symphony",107.0
3740,"3 Gymnopédies: No.1 - Lent Et Grave, No.3 - Lent Et Douloureux",
3741,"Music for the Funeral of Queen Mary: VI. ""Thou Knowest, Lord, the Secrets of Our Hearts""",107.0
3742,"Music for the Funeral of Queen Mary: VI. ""Thou Knowest, Lord, the Secrets of Our Hearts""",319.0
3743,Symphony No. 2: III. Allegro vivace,213.0
3744,"Partita in E Major, BWV 1006A: I. Prelude",107.0
3745,Le Sacre Du Printemps: I.iv. Spring Rounds,
3746,Sing Joyfully,107.0
3747,"Metopes, Op. 29: Calypso",213.0
3748,"Symphony No. 2, Op. 16 -  ""The Four Temperaments"": II. Allegro Comodo e Flemmatico",319.0
3749,"24 Caprices, Op. 1, No. 24, for Solo Violin, in A Minor",
3750,"Étude 1, In C Major - Preludio (Presto) - Liszt",108.0
3751,"Erlkonig, D.328",
3752,"Concerto for Violin, Strings and Continuo in G Major, Op. 3, No. 9: I. Allegro",
3753,Pini Di Roma (Pinien Von Rom) \ I Pini Della Via Appia,214.0
3754,"String Quartet No. 12 in C Minor, D. 703 ""Quartettsatz"": II. Andante - Allegro assai",108.0
3755,"String Quartet No. 12 in C Minor, D. 703 ""Quartettsatz"": II. Andante - Allegro assai",319.0
3756,"L'orfeo, Act 3, Sinfonia (Orchestra)",
3757,"Quintet for Horn, Violin, 2 Violas, and Cello in E Flat Major, K. 407/386c: III. Allegro",
3758,Koyaanisqatsi,
